,Date,Open,High,Low,Close,Volume,Year,Quarter
0,2020-01-08,297.1600,304.4399,297.1560,303.1900,32669876,2020,1
1,2020-01-07,299.8400,300.9000,297.4800,298.3900,27877655,2020,1
2,2020-01-06,293.7900,299.9600,292.7500,299.8000,29644644,2020,1
3,2020-01-03,297.1500,300.5800,296.5000,297.4300,36633878,2020,1
4,2020-01-02,296.2400,300.6000,295.1900,300.3500,33911864,2020,1
5,2019-12-31,289.9300,293.6800,289.5200,293.6500,25247625,2019,4
6,2019-12-30,289.4600,292.6900,285.2200,291.5200,36059614,2019,4
7,2019-12-27,291.1200,293.9700,288.1200,289.8000,36592936,2019,4
8,2019-12-26,284.8200,289.9800,284.7000,289.9100,23334004,2019,4
9,2019-12-24,284.6900,284.8900,282.9197,284.2700,12119714,2019,4
10,2019-12-23,280.5300,284.2500,280.3735,284.0000,24677883,2019,4
11,2019-12-20,282.2300,282.6500,278.5600,279.4400,69032743,2019,4
12,2019-12-19,279.5000,281.1800,278.9500,280.0200,24626947,2019,4
13,2019-12-18,279.8000,281.9000,279.1200,279.7400,29024687,2019,4
14,2019-12-17,279.5700,281.7700,278.8000,280.4100,28575798,2019,4
15,2019-12-16,277.0000,280.7900,276.9800,279.8600,32081105,2019,4
16,2019-12-13,271.4600,275.3000,270.9300,275.1500,33432806,2019,4
17,2019-12-12,267.7800,272.5599,267.3210,271.4600,34437042,2019,4
18,2019-12-11,268.8100,271.1000,268.5000,270.7700,19723391,2019,4
19,2019-12-10,268.6000,270.0700,265.8600,268.4800,22632383,2019,4
20,2019-12-09,270.0000,270.8000,264.9100,266.9200,32182645,2019,4
21,2019-12-06,267.4800,271.0000,267.3000,270.7100,26547493,2019,4
22,2019-12-05,263.7900,265.8900,262.7300,265.5800,18661343,2019,4
23,2019-12-04,261.0700,263.3100,260.6800,261.7400,16810388,2019,4
24,2019-12-03,258.3100,259.5300,256.2900,259.4500,29377268,2019,4
25,2019-12-02,267.2700,268.2500,263.4500,264.1600,23693550,2019,4
26,2019-11-29,266.6000,268.0000,265.9000,267.2500,11654363,2019,4
27,2019-11-27,265.5800,267.9800,265.3100,267.8400,16386122,2019,4
28,2019-11-26,266.9400,267.1600,262.5000,264.2900,26334882,2019,4
29,2019-11-25,262.7100,266.4400,262.5200,266.3700,21029517,2019,4
30,2019-11-22,262.5900,263.1800,260.8400,261.7800,16331263,2019,4
31,2019-11-21,263.6900,264.0050,261.1800,262.0100,30348778,2019,4
32,2019-11-20,265.5400,266.0830,260.4000,263.1900,26609919,2019,4
33,2019-11-19,267.9000,268.0000,265.3926,266.2900,19069597,2019,4
34,2019-11-18,265.8000,267.4300,264.2300,267.1000,21700897,2019,4
35,2019-11-15,263.6800,265.7800,263.0100,265.7600,25093666,2019,4
36,2019-11-14,263.7500,264.8800,262.1000,262.6400,22395556,2019,4
37,2019-11-13,261.1300,264.7800,261.0700,264.4700,25817593,2019,4
38,2019-11-12,261.5500,262.7900,260.9200,261.9600,21847226,2019,4
39,2019-11-11,258.3000,262.4700,258.2800,262.2000,20507459,2019,4
40,2019-11-08,258.6900,260.4400,256.8500,260.1400,17520495,2019,4
41,2019-11-07,258.7400,260.3500,258.1100,259.4300,23735083,2019,4
42,2019-11-06,256.7700,257.4900,255.3650,257.2400,18966124,2019,4
43,2019-11-05,257.0500,258.1900,256.3200,257.1300,19974427,2019,4
44,2019-11-04,257.3300,257.8450,255.3800,257.5000,25817952,2019,4
45,2019-11-01,249.5400,255.9300,249.1600,255.8200,37781334,2019,4
46,2019-10-31,247.2400,249.1700,237.2600,248.7600,34790520,2019,4
47,2019-10-30,244.7600,245.3000,241.2100,243.2600,31130522,2019,4
48,2019-10-29,248.9700,249.7500,242.5700,243.2900,35709867,2019,4
49,2019-10-28,247.4200,249.2500,246.7200,249.0500,23655368,2019,4
50,2019-10-25,243.1600,246.7300,242.8800,246.5800,18369296,2019,4
51,2019-10-24,244.5100,244.8000,241.8050,243.5800,17916255,2019,4
52,2019-10-23,242.1000,243.2400,241.2200,243.1800,19932545,2019,4
53,2019-10-22,241.1600,242.2000,239.6218,239.9600,22684001,2019,4
54,2019-10-21,237.5200,240.9900,237.3200,240.5100,21811567,2019,4
55,2019-10-18,234.5900,237.5800,234.2900,236.4100,24248023,2019,4
56,2019-10-17,235.0900,236.1500,233.5200,235.2800,17272897,2019,4
57,2019-10-16,233.3700,235.2400,233.2000,234.3700,19286694,2019,4
58,2019-10-15,236.3900,237.6500,234.8800,235.3200,23040483,2019,4
59,2019-10-14,234.9000,238.1342,234.6701,235.8700,24413484,2019,4
60,2019-10-11,232.9500,237.6400,232.3075,236.2100,41990210,2019,4
61,2019-10-10,227.9300,230.4400,227.3000,230.0900,28962984,2019,4
62,2019-10-09,227.0300,227.7900,225.6400,227.0300,19029424,2019,4
63,2019-10-08,225.8200,228.0600,224.3300,224.4000,29282700,2019,4
64,2019-10-07,226.2700,229.9300,225.8400,227.0600,30889269,2019,4
65,2019-10-04,225.6400,227.4900,223.8900,227.0100,34755553,2019,4
66,2019-10-03,218.4300,220.9600,215.1320,220.8200,30352686,2019,4
67,2019-10-02,223.0600,223.5800,217.9300,218.9600,35767257,2019,4
68,2019-10-01,225.0700,228.2200,224.2000,224.5900,36187163,2019,4
69,2019-09-30,220.9000,224.5800,220.7900,223.9700,26318583,2019,3
70,2019-09-27,220.5400,220.9600,217.2814,218.8200,25361285,2019,3
71,2019-09-26,220.0000,220.9400,218.8300,219.8900,19088312,2019,3
72,2019-09-25,218.5500,221.5000,217.1402,221.0300,22481006,2019,3
73,2019-09-24,221.0550,222.4900,217.1900,217.6800,31434367,2019,3
74,2019-09-23,218.9500,219.8400,217.6500,218.7200,19419648,2019,3
75,2019-09-20,221.3800,222.5600,217.4730,217.7300,57977094,2019,3
76,2019-09-19,222.0100,223.7600,220.3700,220.9600,22187876,2019,3
77,2019-09-18,221.0600,222.8500,219.4400,222.7700,25643093,2019,3
78,2019-09-17,219.9600,220.8200,219.1200,220.7000,18386468,2019,3
79,2019-09-16,217.7300,220.1300,217.5600,219.9000,21158141,2019,3
80,2019-09-13,220.0000,220.7900,217.0200,218.7500,39763296,2019,3
81,2019-09-12,224.8000,226.4200,222.8600,223.0850,32226669,2019,3
82,2019-09-11,218.0700,223.7100,217.7300,223.5900,44289646,2019,3
83,2019-09-10,213.8600,216.7800,211.7100,216.7000,31777931,2019,3
84,2019-09-09,214.8400,216.4400,211.0700,214.1700,27309401,2019,3
85,2019-09-06,214.0500,214.4200,212.5100,213.2600,19362294,2019,3
86,2019-09-05,212.0000,213.9700,211.5100,213.2800,23946984,2019,3
87,2019-09-04,208.3900,209.4800,207.3200,209.1900,19216820,2019,3
88,2019-09-03,206.4300,206.9800,204.2200,205.7000,20059574,2019,3
89,2019-08-30,210.1600,210.4500,207.2000,208.7400,21162561,2019,3
90,2019-08-29,208.5000,209.3200,206.6550,209.0100,21007652,2019,3
91,2019-08-28,204.1000,205.7200,203.3200,205.5300,15957632,2019,3
92,2019-08-27,207.8600,208.5500,203.5300,204.1600,25897344,2019,3
93,2019-08-26,205.8600,207.1900,205.0573,206.4900,26066130,2019,3
94,2019-08-23,209.4300,212.0510,201.0000,202.6400,46882843,2019,3
95,2019-08-22,213.1900,214.4350,210.7500,212.4600,22267819,2019,3
96,2019-08-21,212.9900,213.6500,211.6032,212.6400,21564747,2019,3
97,2019-08-20,210.8800,213.3500,210.3200,210.3600,26919529,2019,3
98,2019-08-19,210.6200,212.7307,210.0250,210.3500,24431915,2019,3
99,2019-08-16,204.2800,207.1600,203.8400,206.5000,28813624,2019,3
100,2019-08-15,203.4600,205.1400,199.6700,201.7400,27883363,2019,3
101,2019-08-14,203.1600,206.4400,202.5869,202.7500,36547443,2019,3
102,2019-08-13,201.0200,212.1400,200.8300,208.9700,47539786,2019,3
103,2019-08-12,199.6200,202.0516,199.1500,200.4800,22481889,2019,3
104,2019-08-09,201.3000,202.7600,199.2900,200.9900,24619746,2019,3
105,2019-08-08,200.2000,203.5300,199.3900,203.4300,27009523,2019,3
106,2019-08-07,195.4100,199.5600,193.8200,199.0400,33364400,2019,3
107,2019-08-06,196.3100,198.0670,194.0400,197.0000,35824787,2019,3
108,2019-08-05,197.9900,198.6490,192.5800,193.3400,52392969,2019,3
109,2019-08-02,205.5300,206.4300,201.6300,204.0200,40862122,2019,3
110,2019-08-01,213.9000,218.0300,206.7435,208.4300,54017922,2019,3
111,2019-07-31,216.4200,221.3700,211.3000,213.0400,69281361,2019,3
112,2019-07-30,208.7600,210.1600,207.3100,208.7800,33935718,2019,3
113,2019-07-29,208.4600,210.6400,208.4400,209.6800,21673389,2019,3
114,2019-07-26,207.4800,209.7300,207.1400,207.7400,17618874,2019,3
115,2019-07-25,208.8900,209.2400,206.7300,207.0200,13909535,2019,3
116,2019-07-24,207.6700,209.1500,207.1700,208.6700,14991567,2019,3
117,2019-07-23,208.4600,208.9100,207.2900,208.8400,18355210,2019,3
118,2019-07-22,203.6500,207.2300,203.6100,207.2200,22277932,2019,3
119,2019-07-19,205.7900,206.5000,202.3600,202.5900,20929307,2019,3
120,2019-07-18,204.0000,205.8800,203.7000,205.6600,18582161,2019,3
121,2019-07-17,204.0500,205.0915,203.2700,203.3500,14107450,2019,3
122,2019-07-16,204.5900,206.1100,203.5000,204.5000,16866816,2019,3
123,2019-07-15,204.0900,205.8700,204.0000,205.2100,16947420,2019,3
124,2019-07-12,202.4500,204.0000,202.2000,203.3000,17595212,2019,3
125,2019-07-11,203.3100,204.3900,201.7100,201.7500,20191842,2019,3
126,2019-07-10,201.8500,203.7300,201.5600,203.2300,17897138,2019,3
127,2019-07-09,199.2000,201.5100,198.8100,201.2400,20578015,2019,3
128,2019-07-08,200.8100,201.4000,198.4100,200.0200,25338628,2019,3
129,2019-07-05,203.3500,205.0800,202.9000,204.2300,17265518,2019,3
130,2019-07-03,203.2800,204.4400,202.6901,204.4100,11362045,2019,3
131,2019-07-02,201.4100,203.1323,201.3600,202.7300,16935217,2019,3
132,2019-07-01,203.1700,204.4900,200.6500,201.5500,27316739,2019,3
133,2019-06-28,198.6800,199.4950,197.0500,197.9200,31110642,2019,2
134,2019-06-27,200.2900,201.5700,199.5700,199.7400,20899717,2019,2
135,2019-06-26,197.7700,200.9900,197.3500,199.8000,26067512,2019,2
136,2019-06-25,198.4300,199.2600,195.2900,195.5700,21070334,2019,2
137,2019-06-24,198.5400,200.1600,198.1700,198.5800,18220421,2019,2
138,2019-06-21,198.8000,200.8500,198.1500,198.7800,47800589,2019,2
139,2019-06-20,200.3700,200.6100,198.0300,199.4600,21513988,2019,2
140,2019-06-19,199.6800,199.8800,197.3100,197.8700,21124235,2019,2
141,2019-06-18,196.0500,200.2900,195.2100,198.4500,26551004,2019,2
142,2019-06-17,192.9000,194.9600,192.1700,193.8900,14669144,2019,2
143,2019-06-14,191.5450,193.5863,190.3000,192.7400,18761474,2019,2
144,2019-06-13,194.7000,196.7900,193.6000,194.1500,21674625,2019,2
145,2019-06-12,193.9500,195.9700,193.3850,194.1900,18253189,2019,2
146,2019-06-11,194.8600,196.0000,193.6000,194.8100,26932882,2019,2
147,2019-06-10,191.8100,195.3700,191.6200,192.5800,26220851,2019,2
148,2019-06-07,186.5100,191.9200,185.7700,190.1500,30684393,2019,2
149,2019-06-06,183.0800,185.4700,182.1489,185.2200,22526311,2019,2
150,2019-06-05,184.2800,184.9900,181.1400,182.5400,29773427,2019,2
151,2019-06-04,175.4400,179.8300,174.5200,179.6400,30967961,2019,2
152,2019-06-03,175.6000,177.9200,170.2700,173.3000,40396069,2019,2
153,2019-05-31,176.2300,177.9900,174.9900,175.0700,27043584,2019,2
154,2019-05-30,177.9500,179.2300,176.6700,178.3000,21218412,2019,2
155,2019-05-29,176.4200,179.3500,176.0000,177.3800,28481165,2019,2
156,2019-05-28,178.9200,180.5900,177.9100,178.2300,27948160,2019,2
157,2019-05-24,180.2000,182.1400,178.6200,178.9700,23714686,2019,2
158,2019-05-23,179.8000,180.5400,177.8100,179.6600,36529736,2019,2
159,2019-05-22,184.6600,185.7100,182.5500,182.7800,29748556,2019,2
160,2019-05-21,185.2200,188.0000,184.7000,186.6000,28364848,2019,2
161,2019-05-20,183.5200,184.3490,180.2839,183.0900,38612290,2019,2
162,2019-05-17,186.9300,190.9000,186.7600,189.0000,32879090,2019,2
163,2019-05-16,189.9100,192.4689,188.8400,190.0800,33031364,2019,2
164,2019-05-15,186.2700,191.7500,186.0200,190.9200,26544718,2019,2
165,2019-05-14,186.4100,189.7000,185.4100,188.6600,36529677,2019,2
166,2019-05-13,187.7100,189.4800,182.8500,185.7200,57430623,2019,2
167,2019-05-10,197.4190,198.8500,192.7700,197.1800,41208712,2019,2
168,2019-05-09,200.4000,201.6800,196.6600,200.7200,34908607,2019,2
169,2019-05-08,201.9000,205.3400,201.7500,202.9000,26339504,2019,2
170,2019-05-07,205.8800,207.4175,200.8250,202.8600,38763698,2019,2
171,2019-05-06,204.2900,208.8400,203.5000,208.4800,32443113,2019,2
172,2019-05-03,210.8900,211.8400,210.2300,211.7500,20892378,2019,2
173,2019-05-02,209.8400,212.6500,208.1300,209.1500,31996324,2019,2
174,2019-05-01,209.8800,215.3100,209.2300,210.5200,64827328,2019,2
175,2019-04-30,203.0600,203.4000,199.1100,200.6700,46534923,2019,2
176,2019-04-29,204.4000,205.9700,203.8600,204.6100,22204716,2019,2
177,2019-04-26,204.9000,205.0000,202.1200,204.3000,18649102,2019,2
178,2019-04-25,206.8300,207.7600,205.1200,205.2800,18543206,2019,2
179,2019-04-24,207.3600,208.4800,207.0500,207.1600,17540609,2019,2
180,2019-04-23,204.4300,207.7500,203.9000,207.4800,23322991,2019,2
181,2019-04-22,202.8300,204.9400,202.3400,204.5300,19439545,2019,2
182,2019-04-18,203.1200,204.1500,202.5200,203.8600,24195766,2019,2
183,2019-04-17,199.5400,203.3800,198.6100,203.1300,28906780,2019,2
184,2019-04-16,199.4600,201.3700,198.5600,199.2500,25696385,2019,2
185,2019-04-15,198.5800,199.8500,198.0100,199.2300,17536646,2019,2
186,2019-04-12,199.2000,200.1400,196.2100,198.8700,27760668,2019,2
187,2019-04-11,200.8500,201.0000,198.4431,198.9500,20900808,2019,2
188,2019-04-10,198.6800,200.7400,198.1800,200.6200,21695288,2019,2
189,2019-04-09,200.3200,202.8500,199.2300,199.5000,35768237,2019,2
190,2019-04-08,196.4200,200.2300,196.3400,200.1000,25881697,2019,2
191,2019-04-05,196.4500,197.1000,195.9300,197.0000,18526644,2019,2
192,2019-04-04,194.7900,196.3700,193.1400,195.6900,19114275,2019,2
193,2019-04-03,193.2500,196.5000,193.1500,195.3500,23271830,2019,2
194,2019-04-02,191.0900,194.4600,191.0500,194.0200,22765732,2019,2
195,2019-04-01,191.6400,191.6800,188.3800,191.2400,27861964,2019,2
196,2019-03-29,189.8300,190.0800,188.5400,189.9500,23563961,2019,1
197,2019-03-28,188.9500,189.5590,187.5300,188.7200,20780363,2019,1
198,2019-03-27,188.7500,189.7600,186.5500,188.4700,29848427,2019,1
199,2019-03-26,191.6640,192.8800,184.5800,186.7900,49800538,2019,1
200,2019-03-25,191.5100,191.9800,186.6000,188.7400,43845293,2019,1
201,2019-03-22,195.3400,197.6900,190.7800,191.0500,42407666,2019,1
202,2019-03-21,190.0200,196.3300,189.8100,195.0900,51034237,2019,1
203,2019-03-20,186.2300,189.4900,184.7300,188.1600,31035231,2019,1
204,2019-03-19,188.3500,188.9900,185.9200,186.5300,31646369,2019,1
205,2019-03-18,185.8000,188.3900,185.7900,188.0200,26219832,2019,1
206,2019-03-15,184.8500,187.3300,183.7400,186.1200,39042912,2019,1
207,2019-03-14,183.9000,184.1000,182.5600,183.7300,23579508,2019,1
208,2019-03-13,182.2500,183.3000,180.9200,181.7100,31032524,2019,1
209,2019-03-12,180.0000,182.6700,179.3700,180.9100,32467584,2019,1
210,2019-03-11,175.4900,179.1200,175.3500,178.9000,32011034,2019,1
211,2019-03-08,170.3200,173.0700,169.5000,172.9100,23999358,2019,1
212,2019-03-07,173.8700,174.4400,172.0200,172.5000,24796374,2019,1
213,2019-03-06,174.6700,175.4900,173.9400,174.5200,20810384,2019,1
214,2019-03-05,175.9400,176.0000,174.5400,175.5300,19737419,2019,1
215,2019-03-04,175.6900,177.7500,173.9700,175.8500,27436203,2019,1
216,2019-03-01,174.2800,175.1500,172.8900,174.9700,25886167,2019,1
217,2019-02-28,174.3200,174.9100,172.9200,173.1500,28215416,2019,1
218,2019-02-27,173.2100,175.0000,172.7300,174.8700,27835389,2019,1
219,2019-02-26,173.7100,175.3000,173.1732,174.3300,17070211,2019,1
220,2019-02-25,174.1600,175.8700,173.9500,174.2300,21873358,2019,1
221,2019-02-22,171.5800,173.0000,171.3800,172.9700,18913154,2019,1
222,2019-02-21,171.8000,172.3700,170.3000,171.0600,17249670,2019,1
223,2019-02-20,171.1900,173.3200,170.9900,172.0300,26114362,2019,1
224,2019-02-19,169.7100,171.4400,169.4900,170.9300,18972826,2019,1
225,2019-02-15,171.2500,171.7000,169.7500,170.4200,24626814,2019,1
226,2019-02-14,169.7100,171.2615,169.3800,170.8000,21835747,2019,1
227,2019-02-13,171.3900,172.4800,169.9200,170.1800,22490233,2019,1
228,2019-02-12,170.1000,171.0000,169.7000,170.8900,22283523,2019,1
229,2019-02-11,171.0500,171.2100,169.2500,169.4300,20993425,2019,1
230,2019-02-08,168.9900,170.6600,168.4200,170.4100,23819966,2019,1
231,2019-02-07,172.4000,173.9400,170.3400,170.9400,31741690,2019,1
232,2019-02-06,174.6500,175.5700,172.8531,174.2400,28239591,2019,1
233,2019-02-05,172.8600,175.0800,172.3501,174.1800,36101628,2019,1
234,2019-02-04,167.4100,171.6550,167.2800,171.2500,31495582,2019,1
235,2019-02-01,166.9600,168.9800,165.9300,166.5200,32668138,2019,1
236,2019-01-31,166.1100,169.0000,164.5600,166.4400,40739649,2019,1
237,2019-01-30,163.2500,166.1500,160.2300,165.2500,61109780,2019,1
238,2019-01-29,156.2500,158.1300,154.1100,154.6800,41587239,2019,1
239,2019-01-28,155.7900,156.3300,153.6600,156.3000,26192058,2019,1
240,2019-01-25,155.4800,158.1300,154.3200,157.7600,33547893,2019,1
241,2019-01-24,154.1100,154.4800,151.7400,152.7000,25441549,2019,1
242,2019-01-23,154.1500,155.1400,151.7000,153.9200,23130570,2019,1
243,2019-01-22,156.4100,156.7300,152.6200,153.3000,30393970,2019,1
244,2019-01-18,157.5000,157.8800,155.9806,156.8200,33751023,2019,1
245,2019-01-17,154.2000,157.6600,153.2600,155.8600,29821160,2019,1
246,2019-01-16,153.0800,155.8800,153.0000,154.9400,30569706,2019,1
247,2019-01-15,150.2700,153.3900,150.0500,153.0700,28710324,2019,1
248,2019-01-14,150.8500,151.2700,149.2200,150.0000,32439186,2019,1
249,2019-01-11,152.8800,153.7000,151.5100,152.2900,27023241,2019,1
250,2019-01-10,152.5000,153.9700,150.8600,153.8000,35780670,2019,1
251,2019-01-09,151.2900,154.5300,149.6300,153.3100,45099081,2019,1
252,2019-01-08,149.5600,151.8200,148.5200,150.7500,41025314,2019,1
253,2019-01-07,148.7000,148.8300,145.9000,147.9300,54777764,2019,1
254,2019-01-04,144.5300,148.5499,143.8000,148.2600,58607070,2019,1
255,2019-01-03,143.9800,145.7200,142.0000,142.1900,91312195,2019,1
256,2019-01-02,154.8900,158.8500,154.2300,157.9200,37039737,2019,1
257,2018-12-31,158.5300,159.3600,156.4800,157.7400,35003466,2018,4
258,2018-12-28,157.5000,158.5200,154.5500,156.2300,42291424,2018,4
259,2018-12-27,155.8400,156.7700,150.0700,156.1500,53117065,2018,4
260,2018-12-26,148.3000,157.2300,146.7200,157.1700,58582544,2018,4
261,2018-12-24,148.1500,151.5500,146.5900,146.8300,37169232,2018,4
262,2018-12-21,156.8600,158.1600,149.6300,150.7300,95744384,2018,4
263,2018-12-20,160.4000,162.1100,155.3000,156.8300,64772960,2018,4
264,2018-12-19,166.0000,167.4500,159.0900,160.8900,49047297,2018,4
265,2018-12-18,165.3800,167.5300,164.3900,166.0700,33841518,2018,4
266,2018-12-17,165.4500,168.3500,162.7300,163.9400,44287922,2018,4
267,2018-12-14,169.0000,169.0800,165.2800,165.4800,40703710,2018,4
268,2018-12-13,170.4900,172.5700,169.5500,170.9500,31897827,2018,4
269,2018-12-12,170.4000,171.9200,169.0200,169.1000,35627674,2018,4
270,2018-12-11,171.6600,171.7900,167.0000,168.6300,47281665,2018,4
271,2018-12-10,165.0000,170.0900,163.3300,169.6000,62025994,2018,4
272,2018-12-07,173.4900,174.4900,168.3000,168.4900,42281631,2018,4
273,2018-12-06,171.7600,174.7800,170.4200,174.7200,43098410,2018,4
274,2018-12-04,180.9500,182.3899,176.2700,176.6900,41344282,2018,4
275,2018-12-03,184.4600,184.9400,181.2100,184.8200,40798002,2018,4
276,2018-11-30,180.2900,180.3300,177.0300,178.5800,39531549,2018,4
277,2018-11-29,182.6600,182.8000,177.7000,179.5500,41769992,2018,4
278,2018-11-28,176.7300,181.2900,174.9300,180.9400,46062539,2018,4
279,2018-11-27,171.5100,174.7700,170.8800,174.2400,41387377,2018,4
280,2018-11-26,174.2400,174.9500,170.2600,174.6200,44998520,2018,4
281,2018-11-23,174.9400,176.5950,172.1000,172.2900,23623972,2018,4
282,2018-11-21,179.7300,180.2700,176.5500,176.7800,31124210,2018,4
283,2018-11-20,178.3700,181.4700,175.5100,176.9800,67825247,2018,4
284,2018-11-19,190.0000,190.7000,184.9900,185.8600,41920872,2018,4
285,2018-11-16,190.5000,194.9695,189.4600,193.5300,36928253,2018,4
286,2018-11-15,188.3900,191.9700,186.9000,191.4100,46478801,2018,4
287,2018-11-14,193.9000,194.4800,185.9300,186.8000,60800957,2018,4
288,2018-11-13,191.6300,197.1800,191.4501,192.2300,46882936,2018,4
289,2018-11-12,199.0000,199.8500,193.7900,194.1700,51135518,2018,4
290,2018-11-09,205.5500,206.0100,202.2500,204.4700,34365750,2018,4
291,2018-11-08,209.9800,210.1200,206.7500,208.4900,25362636,2018,4
292,2018-11-07,205.9700,210.0600,204.1300,209.9500,33424434,2018,4
293,2018-11-06,201.9200,204.7200,201.6900,203.7700,31882881,2018,4
294,2018-11-05,204.3000,204.3900,198.1700,201.5900,66163669,2018,4
295,2018-11-02,209.5500,213.6500,205.4300,207.4800,91328654,2018,4
296,2018-11-01,219.0500,222.3600,216.8100,222.2200,58323180,2018,4
297,2018-10-31,216.8800,220.4500,216.6200,218.8600,38358933,2018,4
298,2018-10-30,211.1500,215.1800,209.2700,213.3000,36659990,2018,4
299,2018-10-29,219.1900,219.6900,206.0900,212.2400,45935520,2018,4
300,2018-10-26,215.9000,220.1900,212.6700,216.3000,47258375,2018,4
301,2018-10-25,217.7100,221.3800,216.7500,219.8000,29855768,2018,4
302,2018-10-24,222.6000,224.2300,214.5400,215.0900,40925163,2018,4
303,2018-10-23,215.8300,223.2500,214.7000,222.7300,38767846,2018,4
304,2018-10-22,219.7900,223.3600,218.9400,220.6500,28792082,2018,4
305,2018-10-19,218.0600,221.2600,217.4300,219.3100,33078726,2018,4
306,2018-10-18,217.8600,219.7400,213.0000,216.0200,32581315,2018,4
307,2018-10-17,222.3000,222.6400,219.3400,221.1900,22885397,2018,4
308,2018-10-16,218.9300,222.9900,216.7627,222.1500,29183963,2018,4
309,2018-10-15,221.1600,221.8300,217.2700,217.3600,30791007,2018,4
310,2018-10-12,220.4200,222.8800,216.8400,222.1100,40337851,2018,4
311,2018-10-11,214.5200,219.5000,212.3200,214.4500,53124392,2018,4
312,2018-10-10,225.4600,226.3500,216.0500,216.3600,41990554,2018,4
313,2018-10-09,223.6400,227.2700,222.2462,226.8700,26891029,2018,4
314,2018-10-08,222.2100,224.8000,220.2000,223.7700,29663923,2018,4
315,2018-10-05,227.9600,228.4100,220.5800,224.2900,33580463,2018,4
316,2018-10-04,230.7800,232.3500,226.7300,227.9900,32042000,2018,4
317,2018-10-03,230.0500,233.4700,229.7800,232.0700,28654799,2018,4
318,2018-10-02,227.2500,230.0000,226.6300,229.2800,24788170,2018,4
319,2018-10-01,227.9500,229.4200,226.3500,227.2600,23600802,2018,4
320,2018-09-28,224.7900,225.8400,224.0200,225.7400,22929364,2018,3
321,2018-09-27,223.8200,226.4400,223.5400,224.9500,30181227,2018,3
322,2018-09-26,221.0000,223.7500,219.7600,220.4200,23984706,2018,3
323,2018-09-25,219.7500,222.8200,219.7000,222.1900,24554379,2018,3
324,2018-09-24,216.8200,221.2600,216.6300,220.7900,27693358,2018,3
325,2018-09-21,220.7800,221.3600,217.2900,217.6600,96246748,2018,3
326,2018-09-20,220.2400,222.2800,219.1500,220.0300,26608794,2018,3
327,2018-09-19,218.5000,219.6200,215.3000,218.3700,27123833,2018,3
328,2018-09-18,217.7900,221.8500,217.1200,218.2400,31571712,2018,3
329,2018-09-17,222.1500,222.9500,217.2700,217.8800,37195133,2018,3
330,2018-09-14,225.7500,226.8400,222.5220,223.8400,31999289,2018,3
331,2018-09-13,223.5200,228.3500,222.5700,226.4100,41706377,2018,3
332,2018-09-12,224.9400,225.0000,219.8400,221.0700,49278740,2018,3
333,2018-09-11,218.0100,224.2990,216.5600,223.8500,35749049,2018,3
334,2018-09-10,220.9500,221.8500,216.4700,218.3300,39516453,2018,3
335,2018-09-07,221.8500,225.3700,220.7100,221.3000,37619810,2018,3
336,2018-09-06,226.2300,227.3500,221.3000,223.1000,34289976,2018,3
337,2018-09-05,228.9900,229.6700,225.1000,226.8700,33332960,2018,3
338,2018-09-04,228.4100,229.1800,226.6300,228.3600,27390132,2018,3
339,2018-08-31,226.5100,228.8700,226.0000,227.6300,43340134,2018,3
340,2018-08-30,223.2500,228.2600,222.4000,225.0300,48793824,2018,3
341,2018-08-29,220.1500,223.4900,219.4100,222.9800,27254804,2018,3
342,2018-08-28,219.0100,220.5400,218.9200,219.7000,22776766,2018,3
343,2018-08-27,217.1500,218.7400,216.3300,217.9400,20525117,2018,3
344,2018-08-24,216.6000,216.9000,215.1100,216.1600,18476356,2018,3
345,2018-08-23,214.6500,217.0500,214.6000,215.4900,18883224,2018,3
346,2018-08-22,214.1000,216.3600,213.8400,215.0500,19018131,2018,3
347,2018-08-21,216.8000,217.1900,214.0250,215.0400,26159755,2018,3
348,2018-08-20,218.1000,219.1800,215.1100,215.4600,30287695,2018,3
349,2018-08-17,213.4400,217.9500,213.1600,217.5800,35426997,2018,3
350,2018-08-16,211.7500,213.8121,211.4700,213.3200,28500367,2018,3
351,2018-08-15,209.2200,210.7400,208.3300,210.2400,28807564,2018,3
352,2018-08-14,210.1550,210.5600,208.2600,209.7500,20748010,2018,3
353,2018-08-13,207.7000,210.9520,207.7000,208.8700,25890880,2018,3
354,2018-08-10,207.3600,209.1000,206.6700,207.5300,24611202,2018,3
355,2018-08-09,207.2800,209.7800,207.2000,208.8800,23492626,2018,3
356,2018-08-08,206.0500,207.8100,204.5200,207.2500,22525487,2018,3
357,2018-08-07,209.3200,209.5000,206.7600,207.1100,25587387,2018,3
358,2018-08-06,208.0000,209.2500,207.0700,209.0700,25425387,2018,3
359,2018-08-03,207.0300,208.7400,205.4803,207.9900,33447396,2018,3
360,2018-08-02,200.5800,208.3800,200.3500,207.3900,62404012,2018,3
361,2018-08-01,199.1300,201.7600,197.3100,201.5000,67935716,2018,3
362,2018-07-31,190.3000,192.1400,189.3400,190.2900,39373038,2018,3
363,2018-07-30,191.9000,192.2000,189.0700,189.9100,21029535,2018,3
364,2018-07-27,194.9900,195.1900,190.1000,190.9800,24023972,2018,3
365,2018-07-26,194.6100,195.9600,193.6100,194.2100,19075964,2018,3
366,2018-07-25,193.0602,194.8500,192.4300,194.8200,16826483,2018,3
367,2018-07-24,192.4500,193.6601,192.0500,193.0000,18697898,2018,3
368,2018-07-23,190.6800,191.9600,189.5600,191.6100,15989365,2018,3
369,2018-07-20,191.7800,192.4300,190.1700,191.4400,20706042,2018,3
370,2018-07-19,189.6900,192.5500,189.6900,191.8800,20286752,2018,3
371,2018-07-18,191.7800,191.8000,189.9300,190.4000,16393381,2018,3
372,2018-07-17,189.7500,191.8700,189.2000,191.4500,15534523,2018,3
373,2018-07-16,191.5200,192.6500,190.4150,190.9100,15043110,2018,3
374,2018-07-13,191.0800,191.8400,190.9000,191.3300,12519792,2018,3
375,2018-07-12,189.5300,191.4100,189.3100,191.0300,18041131,2018,3
376,2018-07-11,188.5000,189.7799,187.6100,187.8800,18831470,2018,3
377,2018-07-10,190.7100,191.2800,190.1801,190.3500,15939149,2018,3
378,2018-07-09,189.5000,190.6800,189.3000,190.5800,19756634,2018,3
379,2018-07-06,185.4200,188.4340,185.2000,187.9700,17485245,2018,3
380,2018-07-05,185.2600,186.4100,184.2800,185.4000,16604248,2018,3
381,2018-07-03,187.7900,187.9500,183.5400,183.9200,13954806,2018,3
382,2018-07-02,183.8200,187.3000,183.4200,187.1800,17731343,2018,3
383,2018-06-29,186.2900,187.1900,182.9100,185.1100,22737666,2018,2
384,2018-06-28,184.1000,186.2100,183.8000,185.5000,17365235,2018,2
385,2018-06-27,185.2278,187.2800,184.0300,184.1600,25285328,2018,2
386,2018-06-26,182.9900,186.5300,182.5400,184.4300,24569201,2018,2
387,2018-06-25,183.4000,184.9200,180.7300,182.1700,31663096,2018,2
388,2018-06-22,186.1200,186.1500,184.7000,184.9200,27200447,2018,2
389,2018-06-21,187.2500,188.3500,184.9400,185.4600,25711898,2018,2
390,2018-06-20,186.3500,187.2000,185.7300,186.5000,20628701,2018,2
391,2018-06-19,185.1400,186.3300,183.4500,185.6900,33578455,2018,2
392,2018-06-18,187.8800,189.2200,187.2000,188.7400,18484865,2018,2
393,2018-06-15,190.0300,190.1600,188.2600,188.8400,61719160,2018,2
394,2018-06-14,191.5500,191.5700,190.2200,190.8000,21610074,2018,2
395,2018-06-13,192.4200,192.8800,190.4400,190.7000,21638393,2018,2
396,2018-06-12,191.3850,192.6110,191.1500,192.2800,16911141,2018,2
397,2018-06-11,191.3500,191.9700,190.2100,191.2300,18308460,2018,2
398,2018-06-08,191.1700,192.0000,189.7700,191.7000,26656799,2018,2
399,2018-06-07,194.1400,194.2000,192.3350,193.4600,21347180,2018,2
400,2018-06-06,193.6300,194.0800,191.9200,193.9800,20933619,2018,2
401,2018-06-05,193.0650,193.9400,192.3600,193.3100,21565963,2018,2
402,2018-06-04,191.6350,193.4200,191.3500,191.8300,26266174,2018,2
403,2018-06-01,187.9912,190.2600,187.7500,190.2400,23442510,2018,2
404,2018-05-31,187.2200,188.2300,186.1400,186.8700,27482793,2018,2
405,2018-05-30,187.7200,188.0000,186.7800,187.5000,18690547,2018,2
406,2018-05-29,187.6000,188.7500,186.8700,187.9000,22514075,2018,2
407,2018-05-25,188.2300,189.6500,187.6500,188.5800,17460963,2018,2
408,2018-05-24,188.7700,188.8400,186.2100,188.1500,23233975,2018,2
409,2018-05-23,186.3500,188.5000,185.7600,188.3600,20058415,2018,2
410,2018-05-22,188.3750,188.8800,186.7800,187.1600,15240704,2018,2
411,2018-05-21,188.0000,189.2700,186.9106,187.6300,18400787,2018,2
412,2018-05-18,187.1900,187.8102,186.1300,186.3100,18297728,2018,2
413,2018-05-17,188.0000,188.9100,186.3600,186.9900,17294029,2018,2
414,2018-05-16,186.0700,188.4600,186.0000,188.1800,19183064,2018,2
415,2018-05-15,186.7800,187.0700,185.1000,186.4400,23695159,2018,2
416,2018-05-14,189.0100,189.5300,187.8600,188.1500,20778772,2018,2
417,2018-05-11,189.4900,190.0600,187.4500,188.5900,26212221,2018,2
418,2018-05-10,187.7400,190.3700,187.6500,190.0400,27989289,2018,2
419,2018-05-09,186.5500,187.4000,185.2200,187.3600,23211241,2018,2
420,2018-05-08,184.9900,186.2200,183.6650,186.0500,28402777,2018,2
421,2018-05-07,185.1800,187.6700,184.7500,185.1600,42451423,2018,2
422,2018-05-04,178.2500,184.2500,178.1700,183.8300,56201317,2018,2
423,2018-05-03,175.8800,177.5000,174.4411,176.8900,34068180,2018,2
424,2018-05-02,175.2250,177.7500,173.8000,176.5700,66539371,2018,2
425,2018-05-01,166.4102,169.2000,165.2700,169.1000,53569376,2018,2
426,2018-04-30,162.1302,167.2600,161.8400,165.2600,42427424,2018,2
427,2018-04-27,164.0000,164.3300,160.6300,162.3200,35655839,2018,2
428,2018-04-26,164.1200,165.7300,163.3700,164.2200,27963014,2018,2
429,2018-04-25,162.6200,165.4200,162.4100,163.6500,28382084,2018,2
430,2018-04-24,165.6700,166.3300,161.2201,162.9400,33692017,2018,2
431,2018-04-23,166.8348,166.9200,164.0900,165.2400,36515477,2018,2
432,2018-04-20,170.5950,171.2184,165.4300,165.7200,65491140,2018,2
433,2018-04-19,174.9500,175.3900,172.6600,172.8000,34808800,2018,2
434,2018-04-18,177.8100,178.8200,176.8800,177.8400,20754538,2018,2
435,2018-04-17,176.4900,178.9365,176.4100,178.2400,26605442,2018,2
436,2018-04-16,175.0301,176.1900,174.8301,175.8200,21578420,2018,2
437,2018-04-13,174.7800,175.8400,173.8500,174.7300,25124255,2018,2
438,2018-04-12,173.4100,175.0000,173.0400,174.1400,22889285,2018,2
439,2018-04-11,172.2300,173.9232,171.7000,172.4400,22431640,2018,2
440,2018-04-10,173.0000,174.0000,171.5300,173.2500,28614241,2018,2
441,2018-04-09,169.8800,173.0900,169.8450,170.0500,29017718,2018,2
442,2018-04-06,170.9700,172.4800,168.2000,168.3800,35005290,2018,2
443,2018-04-05,172.5800,174.2304,172.0800,172.8000,26933197,2018,2
444,2018-04-04,164.8800,172.0100,164.7700,171.6100,34605489,2018,2
445,2018-04-03,167.6400,168.7455,164.8800,168.3900,30278046,2018,2
446,2018-04-02,167.8800,168.9400,164.4700,166.6800,37586791,2018,2
447,2018-03-29,167.8050,171.7500,166.9000,167.7800,38398505,2018,1
448,2018-03-28,167.2500,170.0200,165.1900,166.4800,41668545,2018,1
449,2018-03-27,173.6800,175.1500,166.9200,168.3400,38962839,2018,1
450,2018-03-26,168.0700,173.1000,166.4400,172.7700,36272617,2018,1
451,2018-03-23,168.3900,169.9200,164.9400,164.9400,40248954,2018,1
452,2018-03-22,170.0000,172.6800,168.6000,168.8500,41051076,2018,1
453,2018-03-21,175.0400,175.0900,171.2600,171.2700,35247358,2018,1
454,2018-03-20,175.2400,176.8000,174.9400,175.2400,19314039,2018,1
455,2018-03-19,177.3200,177.4700,173.6600,175.3000,32804695,2018,1
456,2018-03-16,178.6500,179.1200,177.6200,178.0200,36836456,2018,1
457,2018-03-15,178.5000,180.2400,178.0701,178.6500,22584565,2018,1
458,2018-03-14,180.3200,180.5200,177.8100,178.4400,29075469,2018,1
459,2018-03-13,182.5900,183.5000,179.2400,179.9700,31168404,2018,1
460,2018-03-12,180.2900,182.3900,180.2100,181.7200,32055405,2018,1
461,2018-03-09,177.9600,180.0000,177.3900,179.9800,31385134,2018,1
462,2018-03-08,175.4800,177.1200,175.0700,176.9400,23163767,2018,1
463,2018-03-07,174.9400,175.8500,174.2700,175.0300,31703462,2018,1
464,2018-03-06,177.9100,178.2500,176.1300,176.6700,23788506,2018,1
465,2018-03-05,175.2100,177.7400,174.5200,176.8200,28401366,2018,1
466,2018-03-02,172.8000,176.3000,172.4500,176.2100,38453950,2018,1
467,2018-03-01,178.5400,179.7750,172.6600,175.0000,48801970,2018,1
468,2018-02-28,179.2600,180.6150,178.0500,178.1200,33604574,2018,1
469,2018-02-27,179.1000,180.4800,178.1600,178.3900,38685165,2018,1
470,2018-02-26,176.3500,179.3900,176.2100,178.9700,36886432,2018,1
471,2018-02-23,173.6700,175.6500,173.5400,175.5000,33329232,2018,1
472,2018-02-22,171.8000,173.9500,171.7100,172.5000,30504116,2018,1
473,2018-02-21,172.8300,174.1200,171.0100,171.0700,35833514,2018,1
474,2018-02-20,172.0500,174.2600,171.4200,171.8500,33531012,2018,1
475,2018-02-16,172.3600,174.8200,171.7700,172.4300,39638793,2018,1
476,2018-02-15,169.7900,173.0900,169.0000,172.9900,50609595,2018,1
477,2018-02-14,163.0450,167.5400,162.8800,167.3700,39669178,2018,1
478,2018-02-13,161.9500,164.7500,161.6500,164.3400,32104756,2018,1
479,2018-02-12,158.5000,163.8900,157.5100,162.7100,60560145,2018,1
480,2018-02-09,157.0700,157.8900,150.2400,156.4100,66723743,2018,1
481,2018-02-08,160.2900,161.0000,155.0300,155.1500,49594129,2018,1
482,2018-02-07,163.0850,163.4000,159.0685,159.5400,50852130,2018,1
483,2018-02-06,154.8300,163.7200,154.0000,163.0300,66625484,2018,1
484,2018-02-05,159.1000,163.8800,156.0000,156.4900,66090446,2018,1
485,2018-02-02,166.0000,166.8000,160.1000,160.5000,85436075,2018,1
486,2018-02-01,167.1650,168.6200,166.7600,167.7800,38099665,2018,1
487,2018-01-31,166.8700,168.4417,166.5000,167.4300,30984099,2018,1
488,2018-01-30,165.5250,167.3700,164.7000,166.9700,45137026,2018,1
489,2018-01-29,170.1600,170.1600,167.0700,167.9600,48434424,2018,1
490,2018-01-26,172.0000,172.0000,170.0600,171.5100,37121805,2018,1
491,2018-01-25,174.5050,174.9500,170.5300,171.1100,39661804,2018,1
492,2018-01-24,177.2500,177.3000,173.2000,174.2200,50562257,2018,1
493,2018-01-23,177.3000,179.4400,176.8200,177.0400,31702531,2018,1
494,2018-01-22,177.3000,177.7800,176.6016,177.0000,26023683,2018,1
495,2018-01-19,178.6100,179.5800,177.4100,178.4600,30827809,2018,1
496,2018-01-18,179.3700,180.1000,178.2500,179.2600,30234512,2018,1
497,2018-01-17,176.1500,179.2500,175.0700,179.1000,32752734,2018,1
498,2018-01-16,177.9000,179.3900,176.1400,176.1900,29159005,2018,1
499,2018-01-12,176.1800,177.3600,175.6500,177.0900,25039531,2018,1
500,2018-01-11,174.5900,175.4886,174.4900,175.2800,17523256,2018,1
501,2018-01-10,173.1600,174.3000,173.0000,174.2900,23589129,2018,1
502,2018-01-09,174.5500,175.0600,173.4100,174.3300,21262614,2018,1
503,2018-01-08,174.3500,175.6100,173.9300,174.3500,20134092,2018,1
504,2018-01-05,173.4400,175.3700,173.0500,175.0000,23016177,2018,1
505,2018-01-04,172.5400,173.4700,172.0800,173.0300,22211345,2018,1
506,2018-01-03,172.5300,174.5500,171.9600,172.2300,28819653,2018,1
507,2018-01-02,170.1600,172.3000,169.2600,172.2600,25048048,2018,1
508,2017-12-29,170.5200,170.5900,169.2200,169.2300,25643711,2017,4
509,2017-12-28,171.0000,171.8500,170.4800,171.0800,15997739,2017,4
510,2017-12-27,170.1000,170.7800,169.7100,170.6000,21672062,2017,4
511,2017-12-26,170.8000,171.4700,169.6790,170.5700,32968167,2017,4
512,2017-12-22,174.6800,175.4240,174.5000,175.0100,16052615,2017,4
513,2017-12-21,174.1700,176.0200,174.1000,175.0100,20356826,2017,4
514,2017-12-20,174.8700,175.4200,173.2500,174.3500,23000392,2017,4
515,2017-12-19,175.0300,175.3900,174.0900,174.5400,27078872,2017,4
516,2017-12-18,174.8800,177.2000,174.8600,176.4200,28831533,2017,4
517,2017-12-15,173.6300,174.1700,172.4600,173.9700,37054632,2017,4
518,2017-12-14,172.4000,173.1300,171.6500,172.2200,20219307,2017,4
519,2017-12-13,172.5000,173.5400,172.0000,172.2700,23142242,2017,4
520,2017-12-12,172.1500,172.3900,171.4610,171.7000,18945457,2017,4
521,2017-12-11,169.2000,172.8900,168.7900,172.6700,33092051,2017,4
522,2017-12-08,170.4900,171.0000,168.8200,169.3700,23096872,2017,4
523,2017-12-07,169.0300,170.4400,168.9100,169.3200,24469613,2017,4
524,2017-12-06,167.5000,170.2047,166.4600,169.0100,28224357,2017,4
525,2017-12-05,169.0600,171.5200,168.4000,169.6400,27008428,2017,4
526,2017-12-04,172.4800,172.6200,169.6300,169.8000,32115052,2017,4
527,2017-12-01,169.9500,171.6700,168.5000,171.0500,39590080,2017,4
528,2017-11-30,170.4300,172.1400,168.4400,171.8500,40172368,2017,4
529,2017-11-29,172.6300,172.9200,167.1600,169.4800,40788324,2017,4
530,2017-11-28,174.3000,174.8700,171.8600,173.0700,25468442,2017,4
531,2017-11-27,175.0500,175.0800,173.3400,174.0900,20536313,2017,4
532,2017-11-24,175.1000,175.5000,174.6459,174.9700,14026519,2017,4
533,2017-11-22,173.3600,175.0000,173.0500,174.9600,24997274,2017,4
534,2017-11-21,170.7800,173.7000,170.7800,173.1400,24875471,2017,4
535,2017-11-20,170.2900,170.5600,169.5600,169.9800,15974387,2017,4
536,2017-11-17,171.0400,171.3900,169.6400,170.1500,21665811,2017,4
537,2017-11-16,171.1800,171.8700,170.3000,171.1000,23497326,2017,4
538,2017-11-15,169.9700,170.3197,168.3800,169.0800,28702351,2017,4
539,2017-11-14,173.0400,173.4800,171.1800,171.3400,23588451,2017,4
540,2017-11-13,173.5000,174.5000,173.4000,173.9700,16828025,2017,4
541,2017-11-10,175.1100,175.3800,174.2700,174.6700,25061183,2017,4
542,2017-11-09,175.1100,176.0950,173.1400,175.8800,28636531,2017,4
543,2017-11-08,174.6600,176.2400,174.3300,176.2400,24409527,2017,4
544,2017-11-07,173.9100,175.2500,173.6000,174.8100,23910914,2017,4
545,2017-11-06,172.3650,174.9900,171.7200,174.2500,34242566,2017,4
546,2017-11-03,174.0000,174.2600,171.1200,172.5000,58683826,2017,4
547,2017-11-02,167.6400,168.5000,165.2800,168.1100,32710040,2017,4
548,2017-11-01,169.8700,169.9400,165.6100,166.8900,33100847,2017,4
549,2017-10-31,167.9000,169.6499,166.9400,169.0400,35474672,2017,4
550,2017-10-30,163.8900,168.0700,163.7200,166.7200,43923292,2017,4
551,2017-10-27,159.2900,163.6000,158.7000,163.0500,43904150,2017,4
552,2017-10-26,157.2300,157.8295,156.7800,157.4100,16751691,2017,4
553,2017-10-25,156.9100,157.5500,155.2700,156.4100,20126554,2017,4
554,2017-10-24,156.2900,157.4200,156.2000,157.1000,17137731,2017,4
555,2017-10-23,156.8900,157.6900,155.5000,156.1700,21654461,2017,4
556,2017-10-20,156.6100,157.7500,155.9600,156.2500,23612246,2017,4
557,2017-10-19,156.7500,157.0800,155.0200,155.9800,42111326,2017,4
558,2017-10-18,160.4200,160.7100,159.6000,159.7600,16158659,2017,4
559,2017-10-17,159.7800,160.8700,159.2300,160.4700,18816438,2017,4
560,2017-10-16,157.9000,160.0000,157.6500,159.8800,23894630,2017,4
561,2017-10-13,156.7300,157.2800,156.4100,156.9900,16287608,2017,4
562,2017-10-12,156.3500,157.3700,155.7299,156.0000,16045720,2017,4
563,2017-10-11,155.9700,156.9800,155.7500,156.5500,16607693,2017,4
564,2017-10-10,156.0550,158.0000,155.1000,155.9000,15456331,2017,4
565,2017-10-09,155.8100,156.7300,155.4850,155.8400,16200129,2017,4
566,2017-10-06,154.9700,155.4900,154.5600,155.3000,16423749,2017,4
567,2017-10-05,154.1800,155.4400,154.0500,155.3900,21032800,2017,4
568,2017-10-04,153.6300,153.8600,152.4600,153.4800,19844177,2017,4
569,2017-10-03,154.0100,155.0900,153.9100,154.4800,16146388,2017,4
570,2017-10-02,154.2600,154.4500,152.7200,153.8100,18524860,2017,4
571,2017-09-29,153.2100,154.1300,152.0000,154.1200,25856530,2017,3
572,2017-09-28,153.8900,154.2800,152.7000,153.2800,21896592,2017,3
573,2017-09-27,153.8000,154.7189,153.5400,154.2300,24959552,2017,3
574,2017-09-26,151.7800,153.9200,151.6900,153.1400,35470985,2017,3
575,2017-09-25,149.9900,151.8300,149.1600,150.5500,43922334,2017,3
576,2017-09-22,152.0200,152.2700,150.5600,151.8900,46114424,2017,3
577,2017-09-21,155.8000,155.8000,152.7500,153.3900,36643382,2017,3
578,2017-09-20,157.9000,158.2600,153.8300,156.0700,51693239,2017,3
579,2017-09-19,159.5100,159.7700,158.4400,158.7300,20347352,2017,3
580,2017-09-18,160.1100,160.5000,157.9950,158.6700,27939718,2017,3
581,2017-09-15,158.4700,160.9700,158.0000,159.8800,48203642,2017,3
582,2017-09-14,158.9900,159.4000,158.0900,158.2800,23073646,2017,3
583,2017-09-13,159.8700,159.9600,157.9100,159.6500,44393752,2017,3
584,2017-09-12,162.6100,163.9600,158.7700,160.8600,71139119,2017,3
585,2017-09-11,160.5000,162.0500,159.8900,161.5000,31028926,2017,3
586,2017-09-08,160.8600,161.1500,158.5300,158.6300,28183159,2017,3
587,2017-09-07,162.0900,162.2400,160.3600,161.2600,21722995,2017,3
588,2017-09-06,162.7100,162.9900,160.5200,161.9100,21179047,2017,3
589,2017-09-05,163.7500,164.2500,160.5600,162.0800,29317054,2017,3
590,2017-09-01,164.8000,164.9400,163.6300,164.0500,16508568,2017,3
591,2017-08-31,163.6400,164.5200,163.4800,164.0000,26412439,2017,3
592,2017-08-30,163.8000,163.8900,162.6100,163.3500,26973946,2017,3
593,2017-08-29,160.1000,163.1200,160.0000,162.9100,29307862,2017,3
594,2017-08-28,160.1400,162.0000,159.9300,161.4700,25279674,2017,3
595,2017-08-25,159.6500,160.5600,159.2700,159.8600,25015218,2017,3
596,2017-08-24,160.4300,160.7400,158.5500,159.2700,19029621,2017,3
597,2017-08-23,159.0700,160.4700,158.8800,159.9800,19198189,2017,3
598,2017-08-22,158.2300,160.0000,158.0200,159.7800,21297812,2017,3
599,2017-08-21,157.5000,157.8900,155.1101,157.2100,26145653,2017,3
600,2017-08-18,157.8600,159.5000,156.7200,157.5000,27012525,2017,3
601,2017-08-17,160.5200,160.7100,157.8400,157.8600,26925694,2017,3
602,2017-08-16,161.9400,162.5100,160.1500,160.9500,27321761,2017,3
603,2017-08-15,160.6600,162.1950,160.1400,161.6000,27936774,2017,3
604,2017-08-14,159.3200,160.2100,158.7500,159.8500,21754810,2017,3
605,2017-08-11,156.6000,158.5728,156.0700,157.4800,25943187,2017,3
606,2017-08-10,159.9000,160.0000,154.6300,155.3200,39081017,2017,3
607,2017-08-09,159.2600,161.2700,159.1100,161.0600,25640394,2017,3
608,2017-08-08,158.6000,161.8300,158.2700,160.0800,35775675,2017,3
609,2017-08-07,157.0600,158.9200,156.6701,158.8100,21870321,2017,3
610,2017-08-04,156.0700,157.4000,155.6900,156.3900,20349532,2017,3
611,2017-08-03,157.0500,157.2100,155.0200,155.5700,26000738,2017,3
612,2017-08-02,159.2800,159.7500,156.1600,157.1400,69222793,2017,3
613,2017-08-01,149.1000,150.2200,148.4100,150.0500,24725526,2017,3
614,2017-07-31,149.9000,150.3300,148.1300,148.7300,19422655,2017,3
615,2017-07-28,149.8900,150.2300,149.1900,149.5000,16832947,2017,3
616,2017-07-27,153.7500,153.9900,147.3000,150.5600,32175875,2017,3
617,2017-07-26,153.3500,153.9300,153.0600,153.4600,15172136,2017,3
618,2017-07-25,151.8000,153.8400,151.8000,152.7400,18612649,2017,3
619,2017-07-24,150.5800,152.4400,149.9000,152.0900,21122730,2017,3
620,2017-07-21,149.9900,150.4400,148.8800,150.2700,24671002,2017,3
621,2017-07-20,151.5000,151.7400,150.1900,150.3400,17053326,2017,3
622,2017-07-19,150.4800,151.4200,149.9500,151.0200,20615419,2017,3
623,2017-07-18,149.2000,150.1300,148.6700,150.0800,17713795,2017,3
624,2017-07-17,148.8200,150.9000,148.5700,149.5600,23243713,2017,3
625,2017-07-14,147.9700,149.3300,147.3300,149.0400,19961788,2017,3
626,2017-07-13,145.5000,148.4900,145.4400,147.7700,24922788,2017,3
627,2017-07-12,145.8700,146.1800,144.8200,145.7400,23617964,2017,3
628,2017-07-11,144.7300,145.8500,144.3800,145.5300,18311156,2017,3
629,2017-07-10,144.1100,145.9500,143.3700,145.0600,21030466,2017,3
630,2017-07-07,142.9000,144.7500,142.9000,144.1800,18505351,2017,3
631,2017-07-06,143.0200,143.5000,142.4100,142.7300,23374374,2017,3
632,2017-07-05,143.6900,144.7900,142.7237,144.0900,20758795,2017,3
633,2017-07-03,144.8800,145.3000,143.1000,143.5000,14258300,2017,3
634,2017-06-30,144.4500,144.9600,143.7800,144.0200,22328979,2017,2
635,2017-06-29,144.7100,145.1300,142.2800,143.6800,31116980,2017,2
636,2017-06-28,144.4900,146.1100,143.1601,145.8300,21915939,2017,2
637,2017-06-27,145.0100,146.1600,143.6200,143.7300,24423643,2017,2
638,2017-06-26,147.1700,148.2800,145.3800,145.8200,25524661,2017,2
639,2017-06-23,145.1300,147.1600,145.1100,146.2800,25997976,2017,2
640,2017-06-22,145.7700,146.7000,145.1199,145.6300,18673365,2017,2
641,2017-06-21,145.5200,146.0693,144.6100,145.8700,21064679,2017,2
642,2017-06-20,146.8700,146.8700,144.9400,145.0100,24572170,2017,2
643,2017-06-19,143.6600,146.7400,143.6600,146.3400,31449132,2017,2
644,2017-06-16,143.7800,144.5000,142.2000,142.2700,49180748,2017,2
645,2017-06-15,143.3200,144.4798,142.2100,144.2900,31348832,2017,2
646,2017-06-14,147.5000,147.5000,143.8400,145.1600,31224203,2017,2
647,2017-06-13,147.1600,147.4500,145.1500,146.5900,33749154,2017,2
648,2017-06-12,145.7400,146.0900,142.5100,145.4200,71563614,2017,2
649,2017-06-09,155.1900,155.1900,146.0200,148.9800,64882700,2017,2
650,2017-06-08,155.2500,155.5400,154.4000,154.9900,20771367,2017,2
651,2017-06-07,155.0200,155.9800,154.4800,155.3700,20678772,2017,2
652,2017-06-06,153.9000,155.8100,153.7800,154.4500,26249630,2017,2
653,2017-06-05,154.3400,154.4500,153.4600,153.9300,24803858,2017,2
654,2017-06-02,153.5800,155.4500,152.8900,155.4500,27285861,2017,2
655,2017-06-01,153.1700,153.3300,152.2200,153.1800,16180143,2017,2
656,2017-05-31,153.9700,154.1700,152.3800,152.7600,23162873,2017,2
657,2017-05-30,153.4200,154.4300,153.3300,153.6700,20034934,2017,2
658,2017-05-26,154.0000,154.2400,153.3100,153.6100,21632202,2017,2
659,2017-05-25,153.7300,154.3500,153.0300,153.8700,19044463,2017,2
660,2017-05-24,153.8400,154.1700,152.6700,153.3400,19118319,2017,2
661,2017-05-23,154.9000,154.9000,153.3100,153.8000,19430358,2017,2
662,2017-05-22,154.0000,154.5800,152.9100,153.9900,22340069,2017,2
663,2017-05-19,153.3800,153.9800,152.6300,153.0600,26733798,2017,2
664,2017-05-18,151.2700,153.3400,151.1300,152.5400,33159664,2017,2
665,2017-05-17,153.6000,154.5700,149.7100,150.2500,49482818,2017,2
666,2017-05-16,155.9400,156.0600,154.7200,155.4700,19904679,2017,2
667,2017-05-15,156.0100,156.6500,155.0500,155.7000,25700983,2017,2
668,2017-05-12,154.7000,156.4200,154.6700,156.1000,32221756,2017,2
669,2017-05-11,152.4500,154.0700,152.3100,153.9500,25596687,2017,2
670,2017-05-10,153.6300,153.9400,152.1100,153.2600,25670456,2017,2
671,2017-05-09,153.8700,154.8800,153.4500,153.9900,35942435,2017,2
672,2017-05-08,149.0300,153.7000,149.0300,153.0100,48339210,2017,2
673,2017-05-05,146.7600,148.9800,146.7600,148.9600,26787359,2017,2
674,2017-05-04,146.5200,147.1400,145.8100,146.5300,23275690,2017,2
675,2017-05-03,145.5900,147.4900,144.2700,147.0600,45142806,2017,2
676,2017-05-02,147.5400,148.0900,146.8400,147.5100,39752670,2017,2
677,2017-05-01,145.1000,147.2000,144.9600,146.5800,32818760,2017,2
678,2017-04-28,144.0900,144.3000,143.2700,143.6500,20247187,2017,2
679,2017-04-27,143.9225,144.1600,143.3100,143.7900,13948980,2017,2
680,2017-04-26,144.4700,144.6000,143.3762,143.6800,19614287,2017,2
681,2017-04-25,143.9100,144.9000,143.8700,144.5300,18216472,2017,2
682,2017-04-24,143.5000,143.9500,143.1800,143.6400,17116599,2017,2
683,2017-04-21,142.4400,142.6800,141.8500,142.2700,17320928,2017,2
684,2017-04-20,141.2200,142.9200,141.1600,142.4400,23319562,2017,2
685,2017-04-19,141.8800,142.0000,140.4500,140.6800,17328375,2017,2
686,2017-04-18,141.4100,142.0400,141.1100,141.2000,14697544,2017,2
687,2017-04-17,141.4800,141.8800,140.8700,141.8300,16582094,2017,2
688,2017-04-13,141.9100,142.3800,141.0500,141.0500,17822880,2017,2
689,2017-04-12,141.6000,142.1500,141.0100,141.8000,20350000,2017,2
690,2017-04-11,142.9400,143.3500,140.0600,141.6300,30379376,2017,2
691,2017-04-10,143.6000,143.8792,142.9000,143.1700,18933397,2017,2
692,2017-04-07,143.7300,144.1800,143.2700,143.3400,16658543,2017,2
693,2017-04-06,144.2900,144.5200,143.4500,143.6600,21149034,2017,2
694,2017-04-05,144.2200,145.4600,143.8100,144.0200,27717854,2017,2
695,2017-04-04,143.2500,144.8900,143.1700,144.7700,19891354,2017,2
696,2017-04-03,143.7100,144.1200,143.0500,143.7000,19985714,2017,2
697,2017-03-31,143.7200,144.2700,143.0100,143.6600,19661651,2017,1
698,2017-03-30,144.1900,144.5000,143.5000,143.9300,21207252,2017,1
699,2017-03-29,143.6800,144.4900,143.1900,144.1200,29189955,2017,1
700,2017-03-28,140.9100,144.0400,140.6200,143.8000,33374805,2017,1
701,2017-03-27,139.3900,141.2200,138.6200,140.8800,23575094,2017,1
702,2017-03-24,141.5000,141.7400,140.3500,140.6400,22395563,2017,1
703,2017-03-23,141.2600,141.5844,140.6100,140.9200,20346301,2017,1
704,2017-03-22,139.8450,141.6000,139.7600,141.4200,25860165,2017,1
705,2017-03-21,142.1100,142.8000,139.7300,139.8400,39529912,2017,1
706,2017-03-20,140.4000,141.5000,140.2300,141.4600,21542038,2017,1
707,2017-03-17,141.0000,141.0000,139.8900,139.9900,43884952,2017,1
708,2017-03-16,140.7200,141.0200,140.2600,140.6900,19231998,2017,1
709,2017-03-15,139.4100,140.7501,139.0250,140.4600,25691774,2017,1
710,2017-03-14,139.3000,139.6500,138.8400,138.9900,15309065,2017,1
711,2017-03-13,138.8500,139.4300,138.8200,139.2000,17421717,2017,1
712,2017-03-10,139.2500,139.3571,138.6400,139.1400,19612801,2017,1
713,2017-03-09,138.7400,138.7900,137.0500,138.6800,22155904,2017,1
714,2017-03-08,138.9500,139.8000,138.8200,139.0000,18707236,2017,1
715,2017-03-07,139.0600,139.9800,138.7900,139.5200,17446297,2017,1
716,2017-03-06,139.3650,139.7700,138.5959,139.3400,21750044,2017,1
717,2017-03-03,138.7800,139.8300,138.5900,139.7800,21571121,2017,1
718,2017-03-02,140.0000,140.2786,138.7600,138.9600,26210984,2017,1
719,2017-03-01,137.8900,140.1500,137.5950,139.7900,36414585,2017,1
720,2017-02-28,137.0800,137.4350,136.7000,136.9900,23482860,2017,1
721,2017-02-27,137.1400,137.4350,136.2800,136.9300,20257426,2017,1
722,2017-02-24,135.9100,136.6600,135.2800,136.6600,21776585,2017,1
723,2017-02-23,137.3800,137.4800,136.3000,136.5300,20788186,2017,1
724,2017-02-22,136.4300,137.1200,136.1100,137.1100,20836932,2017,1
725,2017-02-21,136.2300,136.7500,135.9800,136.7000,24507156,2017,1
726,2017-02-17,135.1000,135.8300,135.1000,135.7200,22198197,2017,1
727,2017-02-16,135.6700,135.9000,134.8398,135.3450,22584555,2017,1
728,2017-02-15,135.5200,136.2700,134.6200,135.5100,35623100,2017,1
729,2017-02-14,133.4700,135.0900,133.2500,135.0200,33226223,2017,1
730,2017-02-13,133.0800,133.8200,132.7500,133.2900,23035421,2017,1
731,2017-02-10,132.4600,132.9400,132.0500,132.1200,20065458,2017,1
732,2017-02-09,131.6500,132.4450,131.1200,132.4200,28349859,2017,1
733,2017-02-08,131.3500,132.2200,131.2200,132.0400,23004072,2017,1
734,2017-02-07,130.5400,132.0900,130.4500,131.5300,38183841,2017,1
735,2017-02-06,129.1300,130.5000,128.9000,130.2900,26845924,2017,1
736,2017-02-03,128.3100,129.1900,128.1600,129.0800,24507301,2017,1
737,2017-02-02,127.9750,129.3900,127.7800,128.5300,33710411,2017,1
738,2017-02-01,127.0300,130.4900,127.0100,128.7500,111985040,2017,1
739,2017-01-31,121.1500,121.3900,120.6200,121.3500,49200993,2017,1
740,2017-01-30,120.9300,121.6300,120.6600,121.6300,30377503,2017,1
741,2017-01-27,122.1400,122.3500,121.6000,121.9500,20562944,2017,1
742,2017-01-26,121.6700,122.4400,121.6000,121.9400,26337576,2017,1
743,2017-01-25,120.4200,122.1000,120.2800,121.8800,32586673,2017,1
744,2017-01-24,119.5500,120.1000,119.5000,119.9700,23211038,2017,1
745,2017-01-23,120.0000,120.8100,119.7700,120.0800,22050218,2017,1
746,2017-01-20,120.4500,120.4500,119.7346,120.0000,32597892,2017,1
747,2017-01-19,119.4000,120.0900,119.3700,119.7800,25597291,2017,1
748,2017-01-18,120.0000,120.5000,119.7100,119.9900,23712961,2017,1
749,2017-01-17,118.3400,120.2400,118.2200,120.0000,34439843,2017,1
750,2017-01-13,119.1100,119.6200,118.8100,119.0400,26111948,2017,1
751,2017-01-12,118.8950,119.3000,118.2100,119.2500,27086220,2017,1
752,2017-01-11,118.7400,119.9300,118.6000,119.7500,27588593,2017,1
753,2017-01-10,118.7700,119.3800,118.3000,119.1100,24462051,2017,1
754,2017-01-09,117.9500,119.4300,117.9400,118.9900,33561948,2017,1
755,2017-01-06,116.7800,118.1600,116.4700,117.9100,31751900,2017,1
756,2017-01-05,115.9200,116.8642,115.8100,116.6100,22193587,2017,1
757,2017-01-04,115.8500,116.5100,115.7500,116.0200,21118116,2017,1
758,2017-01-03,115.8000,116.3300,114.7600,116.1500,28781865,2017,1
