,Quarterly Dates,Net Income,Net Sales,Operating Income,Profit,Year,Quarter,Daily Dates,Open,High,Low,Close,Volume
0,2018-12-29,19965000000.0,84310000000.0,23346000000.0,32031000000.0,2018,4,2018-12-31,158.53,159.36,156.48,157.74,35003466
1,2018-12-29,19965000000.0,84310000000.0,23346000000.0,32031000000.0,2018,4,2018-12-28,157.5,158.52,154.55,156.23,42291424
2,2018-12-29,19965000000.0,84310000000.0,23346000000.0,32031000000.0,2018,4,2018-12-27,155.84,156.77,150.07,156.15,53117065
3,2018-12-29,19965000000.0,84310000000.0,23346000000.0,32031000000.0,2018,4,2018-12-26,148.3,157.23,146.72,157.17,58582544
4,2018-12-29,19965000000.0,84310000000.0,23346000000.0,32031000000.0,2018,4,2018-12-24,148.15,151.55,146.59,146.83,37169232
5,2018-12-29,19965000000.0,84310000000.0,23346000000.0,32031000000.0,2018,4,2018-12-21,156.86,158.16,149.63,150.73,95744384
6,2018-12-29,19965000000.0,84310000000.0,23346000000.0,32031000000.0,2018,4,2018-12-20,160.4,162.11,155.3,156.83,64772960
7,2018-12-29,19965000000.0,84310000000.0,23346000000.0,32031000000.0,2018,4,2018-12-19,166.0,167.45,159.09,160.89,49047297
8,2018-12-29,19965000000.0,84310000000.0,23346000000.0,32031000000.0,2018,4,2018-12-18,165.38,167.53,164.39,166.07,33841518
9,2018-12-29,19965000000.0,84310000000.0,23346000000.0,32031000000.0,2018,4,2018-12-17,165.45,168.35,162.73,163.94,44287922
10,2018-12-29,19965000000.0,84310000000.0,23346000000.0,32031000000.0,2018,4,2018-12-14,169.0,169.08,165.28,165.48,40703710
11,2018-12-29,19965000000.0,84310000000.0,23346000000.0,32031000000.0,2018,4,2018-12-13,170.49,172.57,169.55,170.95,31897827
12,2018-12-29,19965000000.0,84310000000.0,23346000000.0,32031000000.0,2018,4,2018-12-12,170.4,171.92,169.02,169.1,35627674
13,2018-12-29,19965000000.0,84310000000.0,23346000000.0,32031000000.0,2018,4,2018-12-11,171.66,171.79,167.0,168.63,47281665
14,2018-12-29,19965000000.0,84310000000.0,23346000000.0,32031000000.0,2018,4,2018-12-10,165.0,170.09,163.33,169.6,62025994
15,2018-12-29,19965000000.0,84310000000.0,23346000000.0,32031000000.0,2018,4,2018-12-07,173.49,174.49,168.3,168.49,42281631
16,2018-12-29,19965000000.0,84310000000.0,23346000000.0,32031000000.0,2018,4,2018-12-06,171.76,174.78,170.42,174.72,43098410
17,2018-12-29,19965000000.0,84310000000.0,23346000000.0,32031000000.0,2018,4,2018-12-04,180.95,182.3899,176.27,176.69,41344282
18,2018-12-29,19965000000.0,84310000000.0,23346000000.0,32031000000.0,2018,4,2018-12-03,184.46,184.94,181.21,184.82,40798002
19,2018-12-29,19965000000.0,84310000000.0,23346000000.0,32031000000.0,2018,4,2018-11-30,180.29,180.33,177.03,178.58,39531549
20,2018-12-29,19965000000.0,84310000000.0,23346000000.0,32031000000.0,2018,4,2018-11-29,182.66,182.8,177.7,179.55,41769992
21,2018-12-29,19965000000.0,84310000000.0,23346000000.0,32031000000.0,2018,4,2018-11-28,176.73,181.29,174.93,180.94,46062539
22,2018-12-29,19965000000.0,84310000000.0,23346000000.0,32031000000.0,2018,4,2018-11-27,171.51,174.77,170.88,174.24,41387377
23,2018-12-29,19965000000.0,84310000000.0,23346000000.0,32031000000.0,2018,4,2018-11-26,174.24,174.95,170.26,174.62,44998520
24,2018-12-29,19965000000.0,84310000000.0,23346000000.0,32031000000.0,2018,4,2018-11-23,174.94,176.595,172.1,172.29,23623972
25,2018-12-29,19965000000.0,84310000000.0,23346000000.0,32031000000.0,2018,4,2018-11-21,179.73,180.27,176.55,176.78,31124210
26,2018-12-29,19965000000.0,84310000000.0,23346000000.0,32031000000.0,2018,4,2018-11-20,178.37,181.47,175.51,176.98,67825247
27,2018-12-29,19965000000.0,84310000000.0,23346000000.0,32031000000.0,2018,4,2018-11-19,190.0,190.7,184.99,185.86,41920872
28,2018-12-29,19965000000.0,84310000000.0,23346000000.0,32031000000.0,2018,4,2018-11-16,190.5,194.9695,189.46,193.53,36928253
29,2018-12-29,19965000000.0,84310000000.0,23346000000.0,32031000000.0,2018,4,2018-11-15,188.39,191.97,186.9,191.41,46478801
30,2018-12-29,19965000000.0,84310000000.0,23346000000.0,32031000000.0,2018,4,2018-11-14,193.9,194.48,185.93,186.8,60800957
31,2018-12-29,19965000000.0,84310000000.0,23346000000.0,32031000000.0,2018,4,2018-11-13,191.63,197.18,191.4501,192.23,46882936
32,2018-12-29,19965000000.0,84310000000.0,23346000000.0,32031000000.0,2018,4,2018-11-12,199.0,199.85,193.79,194.17,51135518
33,2018-12-29,19965000000.0,84310000000.0,23346000000.0,32031000000.0,2018,4,2018-11-09,205.55,206.01,202.25,204.47,34365750
34,2018-12-29,19965000000.0,84310000000.0,23346000000.0,32031000000.0,2018,4,2018-11-08,209.98,210.12,206.75,208.49,25362636
35,2018-12-29,19965000000.0,84310000000.0,23346000000.0,32031000000.0,2018,4,2018-11-07,205.97,210.06,204.13,209.95,33424434
36,2018-12-29,19965000000.0,84310000000.0,23346000000.0,32031000000.0,2018,4,2018-11-06,201.92,204.72,201.69,203.77,31882881
37,2018-12-29,19965000000.0,84310000000.0,23346000000.0,32031000000.0,2018,4,2018-11-05,204.3,204.39,198.17,201.59,66163669
38,2018-12-29,19965000000.0,84310000000.0,23346000000.0,32031000000.0,2018,4,2018-11-02,209.55,213.65,205.43,207.48,91328654
39,2018-12-29,19965000000.0,84310000000.0,23346000000.0,32031000000.0,2018,4,2018-11-01,219.05,222.36,216.81,222.22,58323180
40,2018-12-29,19965000000.0,84310000000.0,23346000000.0,32031000000.0,2018,4,2018-10-31,216.88,220.45,216.62,218.86,38358933
41,2018-12-29,19965000000.0,84310000000.0,23346000000.0,32031000000.0,2018,4,2018-10-30,211.15,215.18,209.27,213.3,36659990
42,2018-12-29,19965000000.0,84310000000.0,23346000000.0,32031000000.0,2018,4,2018-10-29,219.19,219.69,206.09,212.24,45935520
43,2018-12-29,19965000000.0,84310000000.0,23346000000.0,32031000000.0,2018,4,2018-10-26,215.9,220.19,212.67,216.3,47258375
44,2018-12-29,19965000000.0,84310000000.0,23346000000.0,32031000000.0,2018,4,2018-10-25,217.71,221.38,216.75,219.8,29855768
45,2018-12-29,19965000000.0,84310000000.0,23346000000.0,32031000000.0,2018,4,2018-10-24,222.6,224.23,214.54,215.09,40925163
46,2018-12-29,19965000000.0,84310000000.0,23346000000.0,32031000000.0,2018,4,2018-10-23,215.83,223.25,214.7,222.73,38767846
47,2018-12-29,19965000000.0,84310000000.0,23346000000.0,32031000000.0,2018,4,2018-10-22,219.79,223.36,218.94,220.65,28792082
48,2018-12-29,19965000000.0,84310000000.0,23346000000.0,32031000000.0,2018,4,2018-10-19,218.06,221.26,217.43,219.31,33078726
49,2018-12-29,19965000000.0,84310000000.0,23346000000.0,32031000000.0,2018,4,2018-10-18,217.86,219.74,213.0,216.02,32581315
50,2018-12-29,19965000000.0,84310000000.0,23346000000.0,32031000000.0,2018,4,2018-10-17,222.3,222.64,219.34,221.19,22885397
51,2018-12-29,19965000000.0,84310000000.0,23346000000.0,32031000000.0,2018,4,2018-10-16,218.93,222.99,216.7627,222.15,29183963
52,2018-12-29,19965000000.0,84310000000.0,23346000000.0,32031000000.0,2018,4,2018-10-15,221.16,221.83,217.27,217.36,30791007
53,2018-12-29,19965000000.0,84310000000.0,23346000000.0,32031000000.0,2018,4,2018-10-12,220.42,222.88,216.84,222.11,40337851
54,2018-12-29,19965000000.0,84310000000.0,23346000000.0,32031000000.0,2018,4,2018-10-11,214.52,219.5,212.32,214.45,53124392
55,2018-12-29,19965000000.0,84310000000.0,23346000000.0,32031000000.0,2018,4,2018-10-10,225.46,226.35,216.05,216.36,41990554
56,2018-12-29,19965000000.0,84310000000.0,23346000000.0,32031000000.0,2018,4,2018-10-09,223.64,227.27,222.2462,226.87,26891029
57,2018-12-29,19965000000.0,84310000000.0,23346000000.0,32031000000.0,2018,4,2018-10-08,222.21,224.8,220.2,223.77,29663923
58,2018-12-29,19965000000.0,84310000000.0,23346000000.0,32031000000.0,2018,4,2018-10-05,227.96,228.41,220.58,224.29,33580463
59,2018-12-29,19965000000.0,84310000000.0,23346000000.0,32031000000.0,2018,4,2018-10-04,230.78,232.35,226.73,227.99,32042000
60,2018-12-29,19965000000.0,84310000000.0,23346000000.0,32031000000.0,2018,4,2018-10-03,230.05,233.47,229.78,232.07,28654799
61,2018-12-29,19965000000.0,84310000000.0,23346000000.0,32031000000.0,2018,4,2018-10-02,227.25,230.0,226.63,229.28,24788170
62,2018-12-29,19965000000.0,84310000000.0,23346000000.0,32031000000.0,2018,4,2018-10-01,227.95,229.42,226.35,227.26,23600802
63,2017-12-30,20065000000.0,88293000000.0,26274000000.0,33912000000.0,2017,4,2017-12-29,170.52,170.59,169.22,169.23,25643711
64,2017-12-30,20065000000.0,88293000000.0,26274000000.0,33912000000.0,2017,4,2017-12-28,171.0,171.85,170.48,171.08,15997739
65,2017-12-30,20065000000.0,88293000000.0,26274000000.0,33912000000.0,2017,4,2017-12-27,170.1,170.78,169.71,170.6,21672062
66,2017-12-30,20065000000.0,88293000000.0,26274000000.0,33912000000.0,2017,4,2017-12-26,170.8,171.47,169.679,170.57,32968167
67,2017-12-30,20065000000.0,88293000000.0,26274000000.0,33912000000.0,2017,4,2017-12-22,174.68,175.424,174.5,175.01,16052615
68,2017-12-30,20065000000.0,88293000000.0,26274000000.0,33912000000.0,2017,4,2017-12-21,174.17,176.02,174.1,175.01,20356826
69,2017-12-30,20065000000.0,88293000000.0,26274000000.0,33912000000.0,2017,4,2017-12-20,174.87,175.42,173.25,174.35,23000392
70,2017-12-30,20065000000.0,88293000000.0,26274000000.0,33912000000.0,2017,4,2017-12-19,175.03,175.39,174.09,174.54,27078872
71,2017-12-30,20065000000.0,88293000000.0,26274000000.0,33912000000.0,2017,4,2017-12-18,174.88,177.2,174.86,176.42,28831533
72,2017-12-30,20065000000.0,88293000000.0,26274000000.0,33912000000.0,2017,4,2017-12-15,173.63,174.17,172.46,173.97,37054632
73,2017-12-30,20065000000.0,88293000000.0,26274000000.0,33912000000.0,2017,4,2017-12-14,172.4,173.13,171.65,172.22,20219307
74,2017-12-30,20065000000.0,88293000000.0,26274000000.0,33912000000.0,2017,4,2017-12-13,172.5,173.54,172.0,172.27,23142242
75,2017-12-30,20065000000.0,88293000000.0,26274000000.0,33912000000.0,2017,4,2017-12-12,172.15,172.39,171.461,171.7,18945457
76,2017-12-30,20065000000.0,88293000000.0,26274000000.0,33912000000.0,2017,4,2017-12-11,169.2,172.89,168.79,172.67,33092051
77,2017-12-30,20065000000.0,88293000000.0,26274000000.0,33912000000.0,2017,4,2017-12-08,170.49,171.0,168.82,169.37,23096872
78,2017-12-30,20065000000.0,88293000000.0,26274000000.0,33912000000.0,2017,4,2017-12-07,169.03,170.44,168.91,169.32,24469613
79,2017-12-30,20065000000.0,88293000000.0,26274000000.0,33912000000.0,2017,4,2017-12-06,167.5,170.2047,166.46,169.01,28224357
80,2017-12-30,20065000000.0,88293000000.0,26274000000.0,33912000000.0,2017,4,2017-12-05,169.06,171.52,168.4,169.64,27008428
81,2017-12-30,20065000000.0,88293000000.0,26274000000.0,33912000000.0,2017,4,2017-12-04,172.48,172.62,169.63,169.8,32115052
82,2017-12-30,20065000000.0,88293000000.0,26274000000.0,33912000000.0,2017,4,2017-12-01,169.95,171.67,168.5,171.05,39590080
83,2017-12-30,20065000000.0,88293000000.0,26274000000.0,33912000000.0,2017,4,2017-11-30,170.43,172.14,168.44,171.85,40172368
84,2017-12-30,20065000000.0,88293000000.0,26274000000.0,33912000000.0,2017,4,2017-11-29,172.63,172.92,167.16,169.48,40788324
85,2017-12-30,20065000000.0,88293000000.0,26274000000.0,33912000000.0,2017,4,2017-11-28,174.3,174.87,171.86,173.07,25468442
86,2017-12-30,20065000000.0,88293000000.0,26274000000.0,33912000000.0,2017,4,2017-11-27,175.05,175.08,173.34,174.09,20536313
87,2017-12-30,20065000000.0,88293000000.0,26274000000.0,33912000000.0,2017,4,2017-11-24,175.1,175.5,174.6459,174.97,14026519
88,2017-12-30,20065000000.0,88293000000.0,26274000000.0,33912000000.0,2017,4,2017-11-22,173.36,175.0,173.05,174.96,24997274
89,2017-12-30,20065000000.0,88293000000.0,26274000000.0,33912000000.0,2017,4,2017-11-21,170.78,173.7,170.78,173.14,24875471
90,2017-12-30,20065000000.0,88293000000.0,26274000000.0,33912000000.0,2017,4,2017-11-20,170.29,170.56,169.56,169.98,15974387
91,2017-12-30,20065000000.0,88293000000.0,26274000000.0,33912000000.0,2017,4,2017-11-17,171.04,171.39,169.64,170.15,21665811
92,2017-12-30,20065000000.0,88293000000.0,26274000000.0,33912000000.0,2017,4,2017-11-16,171.18,171.87,170.3,171.1,23497326
93,2017-12-30,20065000000.0,88293000000.0,26274000000.0,33912000000.0,2017,4,2017-11-15,169.97,170.3197,168.38,169.08,28702351
94,2017-12-30,20065000000.0,88293000000.0,26274000000.0,33912000000.0,2017,4,2017-11-14,173.04,173.48,171.18,171.34,23588451
95,2017-12-30,20065000000.0,88293000000.0,26274000000.0,33912000000.0,2017,4,2017-11-13,173.5,174.5,173.4,173.97,16828025
96,2017-12-30,20065000000.0,88293000000.0,26274000000.0,33912000000.0,2017,4,2017-11-10,175.11,175.38,174.27,174.67,25061183
97,2017-12-30,20065000000.0,88293000000.0,26274000000.0,33912000000.0,2017,4,2017-11-09,175.11,176.095,173.14,175.88,28636531
98,2017-12-30,20065000000.0,88293000000.0,26274000000.0,33912000000.0,2017,4,2017-11-08,174.66,176.24,174.33,176.24,24409527
99,2017-12-30,20065000000.0,88293000000.0,26274000000.0,33912000000.0,2017,4,2017-11-07,173.91,175.25,173.6,174.81,23910914
100,2017-12-30,20065000000.0,88293000000.0,26274000000.0,33912000000.0,2017,4,2017-11-06,172.365,174.99,171.72,174.25,34242566
101,2017-12-30,20065000000.0,88293000000.0,26274000000.0,33912000000.0,2017,4,2017-11-03,174.0,174.26,171.12,172.5,58683826
102,2017-12-30,20065000000.0,88293000000.0,26274000000.0,33912000000.0,2017,4,2017-11-02,167.64,168.5,165.28,168.11,32710040
103,2017-12-30,20065000000.0,88293000000.0,26274000000.0,33912000000.0,2017,4,2017-11-01,169.87,169.94,165.61,166.89,33100847
104,2017-12-30,20065000000.0,88293000000.0,26274000000.0,33912000000.0,2017,4,2017-10-31,167.9,169.6499,166.94,169.04,35474672
105,2017-12-30,20065000000.0,88293000000.0,26274000000.0,33912000000.0,2017,4,2017-10-30,163.89,168.07,163.72,166.72,43923292
106,2017-12-30,20065000000.0,88293000000.0,26274000000.0,33912000000.0,2017,4,2017-10-27,159.29,163.6,158.7,163.05,43904150
107,2017-12-30,20065000000.0,88293000000.0,26274000000.0,33912000000.0,2017,4,2017-10-26,157.23,157.8295,156.78,157.41,16751691
108,2017-12-30,20065000000.0,88293000000.0,26274000000.0,33912000000.0,2017,4,2017-10-25,156.91,157.55,155.27,156.41,20126554
109,2017-12-30,20065000000.0,88293000000.0,26274000000.0,33912000000.0,2017,4,2017-10-24,156.29,157.42,156.2,157.1,17137731
110,2017-12-30,20065000000.0,88293000000.0,26274000000.0,33912000000.0,2017,4,2017-10-23,156.89,157.69,155.5,156.17,21654461
111,2017-12-30,20065000000.0,88293000000.0,26274000000.0,33912000000.0,2017,4,2017-10-20,156.61,157.75,155.96,156.25,23612246
112,2017-12-30,20065000000.0,88293000000.0,26274000000.0,33912000000.0,2017,4,2017-10-19,156.75,157.08,155.02,155.98,42111326
113,2017-12-30,20065000000.0,88293000000.0,26274000000.0,33912000000.0,2017,4,2017-10-18,160.42,160.71,159.6,159.76,16158659
114,2017-12-30,20065000000.0,88293000000.0,26274000000.0,33912000000.0,2017,4,2017-10-17,159.78,160.87,159.23,160.47,18816438
115,2017-12-30,20065000000.0,88293000000.0,26274000000.0,33912000000.0,2017,4,2017-10-16,157.9,160.0,157.65,159.88,23894630
116,2017-12-30,20065000000.0,88293000000.0,26274000000.0,33912000000.0,2017,4,2017-10-13,156.73,157.28,156.41,156.99,16287608
117,2017-12-30,20065000000.0,88293000000.0,26274000000.0,33912000000.0,2017,4,2017-10-12,156.35,157.37,155.7299,156.0,16045720
118,2017-12-30,20065000000.0,88293000000.0,26274000000.0,33912000000.0,2017,4,2017-10-11,155.97,156.98,155.75,156.55,16607693
119,2017-12-30,20065000000.0,88293000000.0,26274000000.0,33912000000.0,2017,4,2017-10-10,156.055,158.0,155.1,155.9,15456331
120,2017-12-30,20065000000.0,88293000000.0,26274000000.0,33912000000.0,2017,4,2017-10-09,155.81,156.73,155.485,155.84,16200129
121,2017-12-30,20065000000.0,88293000000.0,26274000000.0,33912000000.0,2017,4,2017-10-06,154.97,155.49,154.56,155.3,16423749
122,2017-12-30,20065000000.0,88293000000.0,26274000000.0,33912000000.0,2017,4,2017-10-05,154.18,155.44,154.05,155.39,21032800
123,2017-12-30,20065000000.0,88293000000.0,26274000000.0,33912000000.0,2017,4,2017-10-04,153.63,153.86,152.46,153.48,19844177
124,2017-12-30,20065000000.0,88293000000.0,26274000000.0,33912000000.0,2017,4,2017-10-03,154.01,155.09,153.91,154.48,16146388
125,2017-12-30,20065000000.0,88293000000.0,26274000000.0,33912000000.0,2017,4,2017-10-02,154.26,154.45,152.72,153.81,18524860
126,2019-03-30,11561000000.0,58015000000.0,13415000000.0,21821000000.0,2019,1,2019-03-29,189.83,190.08,188.54,189.95,23563961
127,2019-03-30,11561000000.0,58015000000.0,13415000000.0,21821000000.0,2019,1,2019-03-28,188.95,189.559,187.53,188.72,20780363
128,2019-03-30,11561000000.0,58015000000.0,13415000000.0,21821000000.0,2019,1,2019-03-27,188.75,189.76,186.55,188.47,29848427
129,2019-03-30,11561000000.0,58015000000.0,13415000000.0,21821000000.0,2019,1,2019-03-26,191.664,192.88,184.58,186.79,49800538
130,2019-03-30,11561000000.0,58015000000.0,13415000000.0,21821000000.0,2019,1,2019-03-25,191.51,191.98,186.6,188.74,43845293
131,2019-03-30,11561000000.0,58015000000.0,13415000000.0,21821000000.0,2019,1,2019-03-22,195.34,197.69,190.78,191.05,42407666
132,2019-03-30,11561000000.0,58015000000.0,13415000000.0,21821000000.0,2019,1,2019-03-21,190.02,196.33,189.81,195.09,51034237
133,2019-03-30,11561000000.0,58015000000.0,13415000000.0,21821000000.0,2019,1,2019-03-20,186.23,189.49,184.73,188.16,31035231
134,2019-03-30,11561000000.0,58015000000.0,13415000000.0,21821000000.0,2019,1,2019-03-19,188.35,188.99,185.92,186.53,31646369
135,2019-03-30,11561000000.0,58015000000.0,13415000000.0,21821000000.0,2019,1,2019-03-18,185.8,188.39,185.79,188.02,26219832
136,2019-03-30,11561000000.0,58015000000.0,13415000000.0,21821000000.0,2019,1,2019-03-15,184.85,187.33,183.74,186.12,39042912
137,2019-03-30,11561000000.0,58015000000.0,13415000000.0,21821000000.0,2019,1,2019-03-14,183.9,184.1,182.56,183.73,23579508
138,2019-03-30,11561000000.0,58015000000.0,13415000000.0,21821000000.0,2019,1,2019-03-13,182.25,183.3,180.92,181.71,31032524
139,2019-03-30,11561000000.0,58015000000.0,13415000000.0,21821000000.0,2019,1,2019-03-12,180.0,182.67,179.37,180.91,32467584
140,2019-03-30,11561000000.0,58015000000.0,13415000000.0,21821000000.0,2019,1,2019-03-11,175.49,179.12,175.35,178.9,32011034
141,2019-03-30,11561000000.0,58015000000.0,13415000000.0,21821000000.0,2019,1,2019-03-08,170.32,173.07,169.5,172.91,23999358
142,2019-03-30,11561000000.0,58015000000.0,13415000000.0,21821000000.0,2019,1,2019-03-07,173.87,174.44,172.02,172.5,24796374
143,2019-03-30,11561000000.0,58015000000.0,13415000000.0,21821000000.0,2019,1,2019-03-06,174.67,175.49,173.94,174.52,20810384
144,2019-03-30,11561000000.0,58015000000.0,13415000000.0,21821000000.0,2019,1,2019-03-05,175.94,176.0,174.54,175.53,19737419
145,2019-03-30,11561000000.0,58015000000.0,13415000000.0,21821000000.0,2019,1,2019-03-04,175.69,177.75,173.97,175.85,27436203
146,2019-03-30,11561000000.0,58015000000.0,13415000000.0,21821000000.0,2019,1,2019-03-01,174.28,175.15,172.89,174.97,25886167
147,2019-03-30,11561000000.0,58015000000.0,13415000000.0,21821000000.0,2019,1,2019-02-28,174.32,174.91,172.92,173.15,28215416
148,2019-03-30,11561000000.0,58015000000.0,13415000000.0,21821000000.0,2019,1,2019-02-27,173.21,175.0,172.73,174.87,27835389
149,2019-03-30,11561000000.0,58015000000.0,13415000000.0,21821000000.0,2019,1,2019-02-26,173.71,175.3,173.1732,174.33,17070211
150,2019-03-30,11561000000.0,58015000000.0,13415000000.0,21821000000.0,2019,1,2019-02-25,174.16,175.87,173.95,174.23,21873358
151,2019-03-30,11561000000.0,58015000000.0,13415000000.0,21821000000.0,2019,1,2019-02-22,171.58,173.0,171.38,172.97,18913154
152,2019-03-30,11561000000.0,58015000000.0,13415000000.0,21821000000.0,2019,1,2019-02-21,171.8,172.37,170.3,171.06,17249670
153,2019-03-30,11561000000.0,58015000000.0,13415000000.0,21821000000.0,2019,1,2019-02-20,171.19,173.32,170.99,172.03,26114362
154,2019-03-30,11561000000.0,58015000000.0,13415000000.0,21821000000.0,2019,1,2019-02-19,169.71,171.44,169.49,170.93,18972826
155,2019-03-30,11561000000.0,58015000000.0,13415000000.0,21821000000.0,2019,1,2019-02-15,171.25,171.7,169.75,170.42,24626814
156,2019-03-30,11561000000.0,58015000000.0,13415000000.0,21821000000.0,2019,1,2019-02-14,169.71,171.2615,169.38,170.8,21835747
157,2019-03-30,11561000000.0,58015000000.0,13415000000.0,21821000000.0,2019,1,2019-02-13,171.39,172.48,169.92,170.18,22490233
158,2019-03-30,11561000000.0,58015000000.0,13415000000.0,21821000000.0,2019,1,2019-02-12,170.1,171.0,169.7,170.89,22283523
159,2019-03-30,11561000000.0,58015000000.0,13415000000.0,21821000000.0,2019,1,2019-02-11,171.05,171.21,169.25,169.43,20993425
160,2019-03-30,11561000000.0,58015000000.0,13415000000.0,21821000000.0,2019,1,2019-02-08,168.99,170.66,168.42,170.41,23819966
161,2019-03-30,11561000000.0,58015000000.0,13415000000.0,21821000000.0,2019,1,2019-02-07,172.4,173.94,170.34,170.94,31741690
162,2019-03-30,11561000000.0,58015000000.0,13415000000.0,21821000000.0,2019,1,2019-02-06,174.65,175.57,172.8531,174.24,28239591
163,2019-03-30,11561000000.0,58015000000.0,13415000000.0,21821000000.0,2019,1,2019-02-05,172.86,175.08,172.3501,174.18,36101628
164,2019-03-30,11561000000.0,58015000000.0,13415000000.0,21821000000.0,2019,1,2019-02-04,167.41,171.655,167.28,171.25,31495582
165,2019-03-30,11561000000.0,58015000000.0,13415000000.0,21821000000.0,2019,1,2019-02-01,166.96,168.98,165.93,166.52,32668138
166,2019-03-30,11561000000.0,58015000000.0,13415000000.0,21821000000.0,2019,1,2019-01-31,166.11,169.0,164.56,166.44,40739649
167,2019-03-30,11561000000.0,58015000000.0,13415000000.0,21821000000.0,2019,1,2019-01-30,163.25,166.15,160.23,165.25,61109780
168,2019-03-30,11561000000.0,58015000000.0,13415000000.0,21821000000.0,2019,1,2019-01-29,156.25,158.13,154.11,154.68,41587239
169,2019-03-30,11561000000.0,58015000000.0,13415000000.0,21821000000.0,2019,1,2019-01-28,155.79,156.33,153.66,156.3,26192058
170,2019-03-30,11561000000.0,58015000000.0,13415000000.0,21821000000.0,2019,1,2019-01-25,155.48,158.13,154.32,157.76,33547893
171,2019-03-30,11561000000.0,58015000000.0,13415000000.0,21821000000.0,2019,1,2019-01-24,154.11,154.48,151.74,152.7,25441549
172,2019-03-30,11561000000.0,58015000000.0,13415000000.0,21821000000.0,2019,1,2019-01-23,154.15,155.14,151.7,153.92,23130570
173,2019-03-30,11561000000.0,58015000000.0,13415000000.0,21821000000.0,2019,1,2019-01-22,156.41,156.73,152.62,153.3,30393970
174,2019-03-30,11561000000.0,58015000000.0,13415000000.0,21821000000.0,2019,1,2019-01-18,157.5,157.88,155.9806,156.82,33751023
175,2019-03-30,11561000000.0,58015000000.0,13415000000.0,21821000000.0,2019,1,2019-01-17,154.2,157.66,153.26,155.86,29821160
176,2019-03-30,11561000000.0,58015000000.0,13415000000.0,21821000000.0,2019,1,2019-01-16,153.08,155.88,153.0,154.94,30569706
177,2019-03-30,11561000000.0,58015000000.0,13415000000.0,21821000000.0,2019,1,2019-01-15,150.27,153.39,150.05,153.07,28710324
178,2019-03-30,11561000000.0,58015000000.0,13415000000.0,21821000000.0,2019,1,2019-01-14,150.85,151.27,149.22,150.0,32439186
179,2019-03-30,11561000000.0,58015000000.0,13415000000.0,21821000000.0,2019,1,2019-01-11,152.88,153.7,151.51,152.29,27023241
180,2019-03-30,11561000000.0,58015000000.0,13415000000.0,21821000000.0,2019,1,2019-01-10,152.5,153.97,150.86,153.8,35780670
181,2019-03-30,11561000000.0,58015000000.0,13415000000.0,21821000000.0,2019,1,2019-01-09,151.29,154.53,149.63,153.31,45099081
182,2019-03-30,11561000000.0,58015000000.0,13415000000.0,21821000000.0,2019,1,2019-01-08,149.56,151.82,148.52,150.75,41025314
183,2019-03-30,11561000000.0,58015000000.0,13415000000.0,21821000000.0,2019,1,2019-01-07,148.7,148.83,145.9,147.93,54777764
184,2019-03-30,11561000000.0,58015000000.0,13415000000.0,21821000000.0,2019,1,2019-01-04,144.53,148.5499,143.8,148.26,58607070
185,2019-03-30,11561000000.0,58015000000.0,13415000000.0,21821000000.0,2019,1,2019-01-03,143.98,145.72,142.0,142.19,91312195
186,2019-03-30,11561000000.0,58015000000.0,13415000000.0,21821000000.0,2019,1,2019-01-02,154.89,158.85,154.23,157.92,37039737
187,2018-03-31,13822000000.0,61137000000.0,15894000000.0,23422000000.0,2018,1,2018-03-29,167.805,171.75,166.9,167.78,38398505
188,2018-03-31,13822000000.0,61137000000.0,15894000000.0,23422000000.0,2018,1,2018-03-28,167.25,170.02,165.19,166.48,41668545
189,2018-03-31,13822000000.0,61137000000.0,15894000000.0,23422000000.0,2018,1,2018-03-27,173.68,175.15,166.92,168.34,38962839
190,2018-03-31,13822000000.0,61137000000.0,15894000000.0,23422000000.0,2018,1,2018-03-26,168.07,173.1,166.44,172.77,36272617
191,2018-03-31,13822000000.0,61137000000.0,15894000000.0,23422000000.0,2018,1,2018-03-23,168.39,169.92,164.94,164.94,40248954
192,2018-03-31,13822000000.0,61137000000.0,15894000000.0,23422000000.0,2018,1,2018-03-22,170.0,172.68,168.6,168.85,41051076
193,2018-03-31,13822000000.0,61137000000.0,15894000000.0,23422000000.0,2018,1,2018-03-21,175.04,175.09,171.26,171.27,35247358
194,2018-03-31,13822000000.0,61137000000.0,15894000000.0,23422000000.0,2018,1,2018-03-20,175.24,176.8,174.94,175.24,19314039
195,2018-03-31,13822000000.0,61137000000.0,15894000000.0,23422000000.0,2018,1,2018-03-19,177.32,177.47,173.66,175.3,32804695
196,2018-03-31,13822000000.0,61137000000.0,15894000000.0,23422000000.0,2018,1,2018-03-16,178.65,179.12,177.62,178.02,36836456
197,2018-03-31,13822000000.0,61137000000.0,15894000000.0,23422000000.0,2018,1,2018-03-15,178.5,180.24,178.0701,178.65,22584565
198,2018-03-31,13822000000.0,61137000000.0,15894000000.0,23422000000.0,2018,1,2018-03-14,180.32,180.52,177.81,178.44,29075469
199,2018-03-31,13822000000.0,61137000000.0,15894000000.0,23422000000.0,2018,1,2018-03-13,182.59,183.5,179.24,179.97,31168404
200,2018-03-31,13822000000.0,61137000000.0,15894000000.0,23422000000.0,2018,1,2018-03-12,180.29,182.39,180.21,181.72,32055405
201,2018-03-31,13822000000.0,61137000000.0,15894000000.0,23422000000.0,2018,1,2018-03-09,177.96,180.0,177.39,179.98,31385134
202,2018-03-31,13822000000.0,61137000000.0,15894000000.0,23422000000.0,2018,1,2018-03-08,175.48,177.12,175.07,176.94,23163767
203,2018-03-31,13822000000.0,61137000000.0,15894000000.0,23422000000.0,2018,1,2018-03-07,174.94,175.85,174.27,175.03,31703462
204,2018-03-31,13822000000.0,61137000000.0,15894000000.0,23422000000.0,2018,1,2018-03-06,177.91,178.25,176.13,176.67,23788506
205,2018-03-31,13822000000.0,61137000000.0,15894000000.0,23422000000.0,2018,1,2018-03-05,175.21,177.74,174.52,176.82,28401366
206,2018-03-31,13822000000.0,61137000000.0,15894000000.0,23422000000.0,2018,1,2018-03-02,172.8,176.3,172.45,176.21,38453950
207,2018-03-31,13822000000.0,61137000000.0,15894000000.0,23422000000.0,2018,1,2018-03-01,178.54,179.775,172.66,175.0,48801970
208,2018-03-31,13822000000.0,61137000000.0,15894000000.0,23422000000.0,2018,1,2018-02-28,179.26,180.615,178.05,178.12,33604574
209,2018-03-31,13822000000.0,61137000000.0,15894000000.0,23422000000.0,2018,1,2018-02-27,179.1,180.48,178.16,178.39,38685165
210,2018-03-31,13822000000.0,61137000000.0,15894000000.0,23422000000.0,2018,1,2018-02-26,176.35,179.39,176.21,178.97,36886432
211,2018-03-31,13822000000.0,61137000000.0,15894000000.0,23422000000.0,2018,1,2018-02-23,173.67,175.65,173.54,175.5,33329232
212,2018-03-31,13822000000.0,61137000000.0,15894000000.0,23422000000.0,2018,1,2018-02-22,171.8,173.95,171.71,172.5,30504116
213,2018-03-31,13822000000.0,61137000000.0,15894000000.0,23422000000.0,2018,1,2018-02-21,172.83,174.12,171.01,171.07,35833514
214,2018-03-31,13822000000.0,61137000000.0,15894000000.0,23422000000.0,2018,1,2018-02-20,172.05,174.26,171.42,171.85,33531012
215,2018-03-31,13822000000.0,61137000000.0,15894000000.0,23422000000.0,2018,1,2018-02-16,172.36,174.82,171.77,172.43,39638793
216,2018-03-31,13822000000.0,61137000000.0,15894000000.0,23422000000.0,2018,1,2018-02-15,169.79,173.09,169.0,172.99,50609595
217,2018-03-31,13822000000.0,61137000000.0,15894000000.0,23422000000.0,2018,1,2018-02-14,163.045,167.54,162.88,167.37,39669178
218,2018-03-31,13822000000.0,61137000000.0,15894000000.0,23422000000.0,2018,1,2018-02-13,161.95,164.75,161.65,164.34,32104756
219,2018-03-31,13822000000.0,61137000000.0,15894000000.0,23422000000.0,2018,1,2018-02-12,158.5,163.89,157.51,162.71,60560145
220,2018-03-31,13822000000.0,61137000000.0,15894000000.0,23422000000.0,2018,1,2018-02-09,157.07,157.89,150.24,156.41,66723743
221,2018-03-31,13822000000.0,61137000000.0,15894000000.0,23422000000.0,2018,1,2018-02-08,160.29,161.0,155.03,155.15,49594129
222,2018-03-31,13822000000.0,61137000000.0,15894000000.0,23422000000.0,2018,1,2018-02-07,163.085,163.4,159.0685,159.54,50852130
223,2018-03-31,13822000000.0,61137000000.0,15894000000.0,23422000000.0,2018,1,2018-02-06,154.83,163.72,154.0,163.03,66625484
224,2018-03-31,13822000000.0,61137000000.0,15894000000.0,23422000000.0,2018,1,2018-02-05,159.1,163.88,156.0,156.49,66090446
225,2018-03-31,13822000000.0,61137000000.0,15894000000.0,23422000000.0,2018,1,2018-02-02,166.0,166.8,160.1,160.5,85436075
226,2018-03-31,13822000000.0,61137000000.0,15894000000.0,23422000000.0,2018,1,2018-02-01,167.165,168.62,166.76,167.78,38099665
227,2018-03-31,13822000000.0,61137000000.0,15894000000.0,23422000000.0,2018,1,2018-01-31,166.87,168.4417,166.5,167.43,30984099
228,2018-03-31,13822000000.0,61137000000.0,15894000000.0,23422000000.0,2018,1,2018-01-30,165.525,167.37,164.7,166.97,45137026
229,2018-03-31,13822000000.0,61137000000.0,15894000000.0,23422000000.0,2018,1,2018-01-29,170.16,170.16,167.07,167.96,48434424
230,2018-03-31,13822000000.0,61137000000.0,15894000000.0,23422000000.0,2018,1,2018-01-26,172.0,172.0,170.06,171.51,37121805
231,2018-03-31,13822000000.0,61137000000.0,15894000000.0,23422000000.0,2018,1,2018-01-25,174.505,174.95,170.53,171.11,39661804
232,2018-03-31,13822000000.0,61137000000.0,15894000000.0,23422000000.0,2018,1,2018-01-24,177.25,177.3,173.2,174.22,50562257
233,2018-03-31,13822000000.0,61137000000.0,15894000000.0,23422000000.0,2018,1,2018-01-23,177.3,179.44,176.82,177.04,31702531
234,2018-03-31,13822000000.0,61137000000.0,15894000000.0,23422000000.0,2018,1,2018-01-22,177.3,177.78,176.6016,177.0,26023683
235,2018-03-31,13822000000.0,61137000000.0,15894000000.0,23422000000.0,2018,1,2018-01-19,178.61,179.58,177.41,178.46,30827809
236,2018-03-31,13822000000.0,61137000000.0,15894000000.0,23422000000.0,2018,1,2018-01-18,179.37,180.1,178.25,179.26,30234512
237,2018-03-31,13822000000.0,61137000000.0,15894000000.0,23422000000.0,2018,1,2018-01-17,176.15,179.25,175.07,179.1,32752734
238,2018-03-31,13822000000.0,61137000000.0,15894000000.0,23422000000.0,2018,1,2018-01-16,177.9,179.39,176.14,176.19,29159005
239,2018-03-31,13822000000.0,61137000000.0,15894000000.0,23422000000.0,2018,1,2018-01-12,176.18,177.36,175.65,177.09,25039531
240,2018-03-31,13822000000.0,61137000000.0,15894000000.0,23422000000.0,2018,1,2018-01-11,174.59,175.4886,174.49,175.28,17523256
241,2018-03-31,13822000000.0,61137000000.0,15894000000.0,23422000000.0,2018,1,2018-01-10,173.16,174.3,173.0,174.29,23589129
242,2018-03-31,13822000000.0,61137000000.0,15894000000.0,23422000000.0,2018,1,2018-01-09,174.55,175.06,173.41,174.33,21262614
243,2018-03-31,13822000000.0,61137000000.0,15894000000.0,23422000000.0,2018,1,2018-01-08,174.35,175.61,173.93,174.35,20134092
244,2018-03-31,13822000000.0,61137000000.0,15894000000.0,23422000000.0,2018,1,2018-01-05,173.44,175.37,173.05,175.0,23016177
245,2018-03-31,13822000000.0,61137000000.0,15894000000.0,23422000000.0,2018,1,2018-01-04,172.54,173.47,172.08,173.03,22211345
246,2018-03-31,13822000000.0,61137000000.0,15894000000.0,23422000000.0,2018,1,2018-01-03,172.53,174.55,171.96,172.23,28819653
247,2018-03-31,13822000000.0,61137000000.0,15894000000.0,23422000000.0,2018,1,2018-01-02,170.16,172.3,169.26,172.26,25048048
248,2019-06-29,10044000000.0,53809000000.0,11544000000.0,20227000000.0,2019,2,2019-06-28,198.68,199.495,197.05,197.92,31110642
249,2019-06-29,10044000000.0,53809000000.0,11544000000.0,20227000000.0,2019,2,2019-06-27,200.29,201.57,199.57,199.74,20899717
250,2019-06-29,10044000000.0,53809000000.0,11544000000.0,20227000000.0,2019,2,2019-06-26,197.77,200.99,197.35,199.8,26067512
251,2019-06-29,10044000000.0,53809000000.0,11544000000.0,20227000000.0,2019,2,2019-06-25,198.43,199.26,195.29,195.57,21070334
252,2019-06-29,10044000000.0,53809000000.0,11544000000.0,20227000000.0,2019,2,2019-06-24,198.54,200.16,198.17,198.58,18220421
253,2019-06-29,10044000000.0,53809000000.0,11544000000.0,20227000000.0,2019,2,2019-06-21,198.8,200.85,198.15,198.78,47800589
254,2019-06-29,10044000000.0,53809000000.0,11544000000.0,20227000000.0,2019,2,2019-06-20,200.37,200.61,198.03,199.46,21513988
255,2019-06-29,10044000000.0,53809000000.0,11544000000.0,20227000000.0,2019,2,2019-06-19,199.68,199.88,197.31,197.87,21124235
256,2019-06-29,10044000000.0,53809000000.0,11544000000.0,20227000000.0,2019,2,2019-06-18,196.05,200.29,195.21,198.45,26551004
257,2019-06-29,10044000000.0,53809000000.0,11544000000.0,20227000000.0,2019,2,2019-06-17,192.9,194.96,192.17,193.89,14669144
258,2019-06-29,10044000000.0,53809000000.0,11544000000.0,20227000000.0,2019,2,2019-06-14,191.545,193.5863,190.3,192.74,18761474
259,2019-06-29,10044000000.0,53809000000.0,11544000000.0,20227000000.0,2019,2,2019-06-13,194.7,196.79,193.6,194.15,21674625
260,2019-06-29,10044000000.0,53809000000.0,11544000000.0,20227000000.0,2019,2,2019-06-12,193.95,195.97,193.385,194.19,18253189
261,2019-06-29,10044000000.0,53809000000.0,11544000000.0,20227000000.0,2019,2,2019-06-11,194.86,196.0,193.6,194.81,26932882
262,2019-06-29,10044000000.0,53809000000.0,11544000000.0,20227000000.0,2019,2,2019-06-10,191.81,195.37,191.62,192.58,26220851
263,2019-06-29,10044000000.0,53809000000.0,11544000000.0,20227000000.0,2019,2,2019-06-07,186.51,191.92,185.77,190.15,30684393
264,2019-06-29,10044000000.0,53809000000.0,11544000000.0,20227000000.0,2019,2,2019-06-06,183.08,185.47,182.1489,185.22,22526311
265,2019-06-29,10044000000.0,53809000000.0,11544000000.0,20227000000.0,2019,2,2019-06-05,184.28,184.99,181.14,182.54,29773427
266,2019-06-29,10044000000.0,53809000000.0,11544000000.0,20227000000.0,2019,2,2019-06-04,175.44,179.83,174.52,179.64,30967961
267,2019-06-29,10044000000.0,53809000000.0,11544000000.0,20227000000.0,2019,2,2019-06-03,175.6,177.92,170.27,173.3,40396069
268,2019-06-29,10044000000.0,53809000000.0,11544000000.0,20227000000.0,2019,2,2019-05-31,176.23,177.99,174.99,175.07,27043584
269,2019-06-29,10044000000.0,53809000000.0,11544000000.0,20227000000.0,2019,2,2019-05-30,177.95,179.23,176.67,178.3,21218412
270,2019-06-29,10044000000.0,53809000000.0,11544000000.0,20227000000.0,2019,2,2019-05-29,176.42,179.35,176.0,177.38,28481165
271,2019-06-29,10044000000.0,53809000000.0,11544000000.0,20227000000.0,2019,2,2019-05-28,178.92,180.59,177.91,178.23,27948160
272,2019-06-29,10044000000.0,53809000000.0,11544000000.0,20227000000.0,2019,2,2019-05-24,180.2,182.14,178.62,178.97,23714686
273,2019-06-29,10044000000.0,53809000000.0,11544000000.0,20227000000.0,2019,2,2019-05-23,179.8,180.54,177.81,179.66,36529736
274,2019-06-29,10044000000.0,53809000000.0,11544000000.0,20227000000.0,2019,2,2019-05-22,184.66,185.71,182.55,182.78,29748556
275,2019-06-29,10044000000.0,53809000000.0,11544000000.0,20227000000.0,2019,2,2019-05-21,185.22,188.0,184.7,186.6,28364848
276,2019-06-29,10044000000.0,53809000000.0,11544000000.0,20227000000.0,2019,2,2019-05-20,183.52,184.349,180.2839,183.09,38612290
277,2019-06-29,10044000000.0,53809000000.0,11544000000.0,20227000000.0,2019,2,2019-05-17,186.93,190.9,186.76,189.0,32879090
278,2019-06-29,10044000000.0,53809000000.0,11544000000.0,20227000000.0,2019,2,2019-05-16,189.91,192.4689,188.84,190.08,33031364
279,2019-06-29,10044000000.0,53809000000.0,11544000000.0,20227000000.0,2019,2,2019-05-15,186.27,191.75,186.02,190.92,26544718
280,2019-06-29,10044000000.0,53809000000.0,11544000000.0,20227000000.0,2019,2,2019-05-14,186.41,189.7,185.41,188.66,36529677
281,2019-06-29,10044000000.0,53809000000.0,11544000000.0,20227000000.0,2019,2,2019-05-13,187.71,189.48,182.85,185.72,57430623
282,2019-06-29,10044000000.0,53809000000.0,11544000000.0,20227000000.0,2019,2,2019-05-10,197.419,198.85,192.77,197.18,41208712
283,2019-06-29,10044000000.0,53809000000.0,11544000000.0,20227000000.0,2019,2,2019-05-09,200.4,201.68,196.66,200.72,34908607
284,2019-06-29,10044000000.0,53809000000.0,11544000000.0,20227000000.0,2019,2,2019-05-08,201.9,205.34,201.75,202.9,26339504
285,2019-06-29,10044000000.0,53809000000.0,11544000000.0,20227000000.0,2019,2,2019-05-07,205.88,207.4175,200.825,202.86,38763698
286,2019-06-29,10044000000.0,53809000000.0,11544000000.0,20227000000.0,2019,2,2019-05-06,204.29,208.84,203.5,208.48,32443113
287,2019-06-29,10044000000.0,53809000000.0,11544000000.0,20227000000.0,2019,2,2019-05-03,210.89,211.84,210.23,211.75,20892378
288,2019-06-29,10044000000.0,53809000000.0,11544000000.0,20227000000.0,2019,2,2019-05-02,209.84,212.65,208.13,209.15,31996324
289,2019-06-29,10044000000.0,53809000000.0,11544000000.0,20227000000.0,2019,2,2019-05-01,209.88,215.31,209.23,210.52,64827328
290,2019-06-29,10044000000.0,53809000000.0,11544000000.0,20227000000.0,2019,2,2019-04-30,203.06,203.4,199.11,200.67,46534923
291,2019-06-29,10044000000.0,53809000000.0,11544000000.0,20227000000.0,2019,2,2019-04-29,204.4,205.97,203.86,204.61,22204716
292,2019-06-29,10044000000.0,53809000000.0,11544000000.0,20227000000.0,2019,2,2019-04-26,204.9,205.0,202.12,204.3,18649102
293,2019-06-29,10044000000.0,53809000000.0,11544000000.0,20227000000.0,2019,2,2019-04-25,206.83,207.76,205.12,205.28,18543206
294,2019-06-29,10044000000.0,53809000000.0,11544000000.0,20227000000.0,2019,2,2019-04-24,207.36,208.48,207.05,207.16,17540609
295,2019-06-29,10044000000.0,53809000000.0,11544000000.0,20227000000.0,2019,2,2019-04-23,204.43,207.75,203.9,207.48,23322991
296,2019-06-29,10044000000.0,53809000000.0,11544000000.0,20227000000.0,2019,2,2019-04-22,202.83,204.94,202.34,204.53,19439545
297,2019-06-29,10044000000.0,53809000000.0,11544000000.0,20227000000.0,2019,2,2019-04-18,203.12,204.15,202.52,203.86,24195766
298,2019-06-29,10044000000.0,53809000000.0,11544000000.0,20227000000.0,2019,2,2019-04-17,199.54,203.38,198.61,203.13,28906780
299,2019-06-29,10044000000.0,53809000000.0,11544000000.0,20227000000.0,2019,2,2019-04-16,199.46,201.37,198.56,199.25,25696385
300,2019-06-29,10044000000.0,53809000000.0,11544000000.0,20227000000.0,2019,2,2019-04-15,198.58,199.85,198.01,199.23,17536646
301,2019-06-29,10044000000.0,53809000000.0,11544000000.0,20227000000.0,2019,2,2019-04-12,199.2,200.14,196.21,198.87,27760668
302,2019-06-29,10044000000.0,53809000000.0,11544000000.0,20227000000.0,2019,2,2019-04-11,200.85,201.0,198.4431,198.95,20900808
303,2019-06-29,10044000000.0,53809000000.0,11544000000.0,20227000000.0,2019,2,2019-04-10,198.68,200.74,198.18,200.62,21695288
304,2019-06-29,10044000000.0,53809000000.0,11544000000.0,20227000000.0,2019,2,2019-04-09,200.32,202.85,199.23,199.5,35768237
305,2019-06-29,10044000000.0,53809000000.0,11544000000.0,20227000000.0,2019,2,2019-04-08,196.42,200.23,196.34,200.1,25881697
306,2019-06-29,10044000000.0,53809000000.0,11544000000.0,20227000000.0,2019,2,2019-04-05,196.45,197.1,195.93,197.0,18526644
307,2019-06-29,10044000000.0,53809000000.0,11544000000.0,20227000000.0,2019,2,2019-04-04,194.79,196.37,193.14,195.69,19114275
308,2019-06-29,10044000000.0,53809000000.0,11544000000.0,20227000000.0,2019,2,2019-04-03,193.25,196.5,193.15,195.35,23271830
309,2019-06-29,10044000000.0,53809000000.0,11544000000.0,20227000000.0,2019,2,2019-04-02,191.09,194.46,191.05,194.02,22765732
310,2019-06-29,10044000000.0,53809000000.0,11544000000.0,20227000000.0,2019,2,2019-04-01,191.64,191.68,188.38,191.24,27861964
311,2018-06-30,11519000000.0,53265000000.0,12612000000.0,20421000000.0,2018,2,2018-06-29,186.29,187.19,182.91,185.11,22737666
312,2018-06-30,11519000000.0,53265000000.0,12612000000.0,20421000000.0,2018,2,2018-06-28,184.1,186.21,183.8,185.5,17365235
313,2018-06-30,11519000000.0,53265000000.0,12612000000.0,20421000000.0,2018,2,2018-06-27,185.2278,187.28,184.03,184.16,25285328
314,2018-06-30,11519000000.0,53265000000.0,12612000000.0,20421000000.0,2018,2,2018-06-26,182.99,186.53,182.54,184.43,24569201
315,2018-06-30,11519000000.0,53265000000.0,12612000000.0,20421000000.0,2018,2,2018-06-25,183.4,184.92,180.73,182.17,31663096
316,2018-06-30,11519000000.0,53265000000.0,12612000000.0,20421000000.0,2018,2,2018-06-22,186.12,186.15,184.7,184.92,27200447
317,2018-06-30,11519000000.0,53265000000.0,12612000000.0,20421000000.0,2018,2,2018-06-21,187.25,188.35,184.94,185.46,25711898
318,2018-06-30,11519000000.0,53265000000.0,12612000000.0,20421000000.0,2018,2,2018-06-20,186.35,187.2,185.73,186.5,20628701
319,2018-06-30,11519000000.0,53265000000.0,12612000000.0,20421000000.0,2018,2,2018-06-19,185.14,186.33,183.45,185.69,33578455
320,2018-06-30,11519000000.0,53265000000.0,12612000000.0,20421000000.0,2018,2,2018-06-18,187.88,189.22,187.2,188.74,18484865
321,2018-06-30,11519000000.0,53265000000.0,12612000000.0,20421000000.0,2018,2,2018-06-15,190.03,190.16,188.26,188.84,61719160
322,2018-06-30,11519000000.0,53265000000.0,12612000000.0,20421000000.0,2018,2,2018-06-14,191.55,191.57,190.22,190.8,21610074
323,2018-06-30,11519000000.0,53265000000.0,12612000000.0,20421000000.0,2018,2,2018-06-13,192.42,192.88,190.44,190.7,21638393
324,2018-06-30,11519000000.0,53265000000.0,12612000000.0,20421000000.0,2018,2,2018-06-12,191.385,192.611,191.15,192.28,16911141
325,2018-06-30,11519000000.0,53265000000.0,12612000000.0,20421000000.0,2018,2,2018-06-11,191.35,191.97,190.21,191.23,18308460
326,2018-06-30,11519000000.0,53265000000.0,12612000000.0,20421000000.0,2018,2,2018-06-08,191.17,192.0,189.77,191.7,26656799
327,2018-06-30,11519000000.0,53265000000.0,12612000000.0,20421000000.0,2018,2,2018-06-07,194.14,194.2,192.335,193.46,21347180
328,2018-06-30,11519000000.0,53265000000.0,12612000000.0,20421000000.0,2018,2,2018-06-06,193.63,194.08,191.92,193.98,20933619
329,2018-06-30,11519000000.0,53265000000.0,12612000000.0,20421000000.0,2018,2,2018-06-05,193.065,193.94,192.36,193.31,21565963
330,2018-06-30,11519000000.0,53265000000.0,12612000000.0,20421000000.0,2018,2,2018-06-04,191.635,193.42,191.35,191.83,26266174
331,2018-06-30,11519000000.0,53265000000.0,12612000000.0,20421000000.0,2018,2,2018-06-01,187.9912,190.26,187.75,190.24,23442510
332,2018-06-30,11519000000.0,53265000000.0,12612000000.0,20421000000.0,2018,2,2018-05-31,187.22,188.23,186.14,186.87,27482793
333,2018-06-30,11519000000.0,53265000000.0,12612000000.0,20421000000.0,2018,2,2018-05-30,187.72,188.0,186.78,187.5,18690547
334,2018-06-30,11519000000.0,53265000000.0,12612000000.0,20421000000.0,2018,2,2018-05-29,187.6,188.75,186.87,187.9,22514075
335,2018-06-30,11519000000.0,53265000000.0,12612000000.0,20421000000.0,2018,2,2018-05-25,188.23,189.65,187.65,188.58,17460963
336,2018-06-30,11519000000.0,53265000000.0,12612000000.0,20421000000.0,2018,2,2018-05-24,188.77,188.84,186.21,188.15,23233975
337,2018-06-30,11519000000.0,53265000000.0,12612000000.0,20421000000.0,2018,2,2018-05-23,186.35,188.5,185.76,188.36,20058415
338,2018-06-30,11519000000.0,53265000000.0,12612000000.0,20421000000.0,2018,2,2018-05-22,188.375,188.88,186.78,187.16,15240704
339,2018-06-30,11519000000.0,53265000000.0,12612000000.0,20421000000.0,2018,2,2018-05-21,188.0,189.27,186.9106,187.63,18400787
340,2018-06-30,11519000000.0,53265000000.0,12612000000.0,20421000000.0,2018,2,2018-05-18,187.19,187.8102,186.13,186.31,18297728
341,2018-06-30,11519000000.0,53265000000.0,12612000000.0,20421000000.0,2018,2,2018-05-17,188.0,188.91,186.36,186.99,17294029
342,2018-06-30,11519000000.0,53265000000.0,12612000000.0,20421000000.0,2018,2,2018-05-16,186.07,188.46,186.0,188.18,19183064
343,2018-06-30,11519000000.0,53265000000.0,12612000000.0,20421000000.0,2018,2,2018-05-15,186.78,187.07,185.1,186.44,23695159
344,2018-06-30,11519000000.0,53265000000.0,12612000000.0,20421000000.0,2018,2,2018-05-14,189.01,189.53,187.86,188.15,20778772
345,2018-06-30,11519000000.0,53265000000.0,12612000000.0,20421000000.0,2018,2,2018-05-11,189.49,190.06,187.45,188.59,26212221
346,2018-06-30,11519000000.0,53265000000.0,12612000000.0,20421000000.0,2018,2,2018-05-10,187.74,190.37,187.65,190.04,27989289
347,2018-06-30,11519000000.0,53265000000.0,12612000000.0,20421000000.0,2018,2,2018-05-09,186.55,187.4,185.22,187.36,23211241
348,2018-06-30,11519000000.0,53265000000.0,12612000000.0,20421000000.0,2018,2,2018-05-08,184.99,186.22,183.665,186.05,28402777
349,2018-06-30,11519000000.0,53265000000.0,12612000000.0,20421000000.0,2018,2,2018-05-07,185.18,187.67,184.75,185.16,42451423
350,2018-06-30,11519000000.0,53265000000.0,12612000000.0,20421000000.0,2018,2,2018-05-04,178.25,184.25,178.17,183.83,56201317
351,2018-06-30,11519000000.0,53265000000.0,12612000000.0,20421000000.0,2018,2,2018-05-03,175.88,177.5,174.4411,176.89,34068180
352,2018-06-30,11519000000.0,53265000000.0,12612000000.0,20421000000.0,2018,2,2018-05-02,175.225,177.75,173.8,176.57,66539371
353,2018-06-30,11519000000.0,53265000000.0,12612000000.0,20421000000.0,2018,2,2018-05-01,166.4102,169.2,165.27,169.1,53569376
354,2018-06-30,11519000000.0,53265000000.0,12612000000.0,20421000000.0,2018,2,2018-04-30,162.1302,167.26,161.84,165.26,42427424
355,2018-06-30,11519000000.0,53265000000.0,12612000000.0,20421000000.0,2018,2,2018-04-27,164.0,164.33,160.63,162.32,35655839
356,2018-06-30,11519000000.0,53265000000.0,12612000000.0,20421000000.0,2018,2,2018-04-26,164.12,165.73,163.37,164.22,27963014
357,2018-06-30,11519000000.0,53265000000.0,12612000000.0,20421000000.0,2018,2,2018-04-25,162.62,165.42,162.41,163.65,28382084
358,2018-06-30,11519000000.0,53265000000.0,12612000000.0,20421000000.0,2018,2,2018-04-24,165.67,166.33,161.2201,162.94,33692017
359,2018-06-30,11519000000.0,53265000000.0,12612000000.0,20421000000.0,2018,2,2018-04-23,166.8348,166.92,164.09,165.24,36515477
360,2018-06-30,11519000000.0,53265000000.0,12612000000.0,20421000000.0,2018,2,2018-04-20,170.595,171.2184,165.43,165.72,65491140
361,2018-06-30,11519000000.0,53265000000.0,12612000000.0,20421000000.0,2018,2,2018-04-19,174.95,175.39,172.66,172.8,34808800
362,2018-06-30,11519000000.0,53265000000.0,12612000000.0,20421000000.0,2018,2,2018-04-18,177.81,178.82,176.88,177.84,20754538
363,2018-06-30,11519000000.0,53265000000.0,12612000000.0,20421000000.0,2018,2,2018-04-17,176.49,178.9365,176.41,178.24,26605442
364,2018-06-30,11519000000.0,53265000000.0,12612000000.0,20421000000.0,2018,2,2018-04-16,175.0301,176.19,174.8301,175.82,21578420
365,2018-06-30,11519000000.0,53265000000.0,12612000000.0,20421000000.0,2018,2,2018-04-13,174.78,175.84,173.85,174.73,25124255
366,2018-06-30,11519000000.0,53265000000.0,12612000000.0,20421000000.0,2018,2,2018-04-12,173.41,175.0,173.04,174.14,22889285
367,2018-06-30,11519000000.0,53265000000.0,12612000000.0,20421000000.0,2018,2,2018-04-11,172.23,173.9232,171.7,172.44,22431640
368,2018-06-30,11519000000.0,53265000000.0,12612000000.0,20421000000.0,2018,2,2018-04-10,173.0,174.0,171.53,173.25,28614241
369,2018-06-30,11519000000.0,53265000000.0,12612000000.0,20421000000.0,2018,2,2018-04-09,169.88,173.09,169.845,170.05,29017718
370,2018-06-30,11519000000.0,53265000000.0,12612000000.0,20421000000.0,2018,2,2018-04-06,170.97,172.48,168.2,168.38,35005290
371,2018-06-30,11519000000.0,53265000000.0,12612000000.0,20421000000.0,2018,2,2018-04-05,172.58,174.2304,172.08,172.8,26933197
372,2018-06-30,11519000000.0,53265000000.0,12612000000.0,20421000000.0,2018,2,2018-04-04,164.88,172.01,164.77,171.61,34605489
373,2018-06-30,11519000000.0,53265000000.0,12612000000.0,20421000000.0,2018,2,2018-04-03,167.64,168.7455,164.88,168.39,30278046
374,2018-06-30,11519000000.0,53265000000.0,12612000000.0,20421000000.0,2018,2,2018-04-02,167.88,168.94,164.47,166.68,37586791
375,2018-09-28,14125000000.0,62900000000.0,70898000000.0,24084000000.0,2018,3,2018-09-28,224.79,225.84,224.02,225.74,22929364
376,2018-09-28,14125000000.0,62900000000.0,70898000000.0,24084000000.0,2018,3,2018-09-27,223.82,226.44,223.54,224.95,30181227
377,2018-09-28,14125000000.0,62900000000.0,70898000000.0,24084000000.0,2018,3,2018-09-26,221.0,223.75,219.76,220.42,23984706
378,2018-09-28,14125000000.0,62900000000.0,70898000000.0,24084000000.0,2018,3,2018-09-25,219.75,222.82,219.7,222.19,24554379
379,2018-09-28,14125000000.0,62900000000.0,70898000000.0,24084000000.0,2018,3,2018-09-24,216.82,221.26,216.63,220.79,27693358
380,2018-09-28,14125000000.0,62900000000.0,70898000000.0,24084000000.0,2018,3,2018-09-21,220.78,221.36,217.29,217.66,96246748
381,2018-09-28,14125000000.0,62900000000.0,70898000000.0,24084000000.0,2018,3,2018-09-20,220.24,222.28,219.15,220.03,26608794
382,2018-09-28,14125000000.0,62900000000.0,70898000000.0,24084000000.0,2018,3,2018-09-19,218.5,219.62,215.3,218.37,27123833
383,2018-09-28,14125000000.0,62900000000.0,70898000000.0,24084000000.0,2018,3,2018-09-18,217.79,221.85,217.12,218.24,31571712
384,2018-09-28,14125000000.0,62900000000.0,70898000000.0,24084000000.0,2018,3,2018-09-17,222.15,222.95,217.27,217.88,37195133
385,2018-09-28,14125000000.0,62900000000.0,70898000000.0,24084000000.0,2018,3,2018-09-14,225.75,226.84,222.522,223.84,31999289
386,2018-09-28,14125000000.0,62900000000.0,70898000000.0,24084000000.0,2018,3,2018-09-13,223.52,228.35,222.57,226.41,41706377
387,2018-09-28,14125000000.0,62900000000.0,70898000000.0,24084000000.0,2018,3,2018-09-12,224.94,225.0,219.84,221.07,49278740
388,2018-09-28,14125000000.0,62900000000.0,70898000000.0,24084000000.0,2018,3,2018-09-11,218.01,224.299,216.56,223.85,35749049
389,2018-09-28,14125000000.0,62900000000.0,70898000000.0,24084000000.0,2018,3,2018-09-10,220.95,221.85,216.47,218.33,39516453
390,2018-09-28,14125000000.0,62900000000.0,70898000000.0,24084000000.0,2018,3,2018-09-07,221.85,225.37,220.71,221.3,37619810
391,2018-09-28,14125000000.0,62900000000.0,70898000000.0,24084000000.0,2018,3,2018-09-06,226.23,227.35,221.3,223.1,34289976
392,2018-09-28,14125000000.0,62900000000.0,70898000000.0,24084000000.0,2018,3,2018-09-05,228.99,229.67,225.1,226.87,33332960
393,2018-09-28,14125000000.0,62900000000.0,70898000000.0,24084000000.0,2018,3,2018-09-04,228.41,229.18,226.63,228.36,27390132
394,2018-09-28,14125000000.0,62900000000.0,70898000000.0,24084000000.0,2018,3,2018-08-31,226.51,228.87,226.0,227.63,43340134
395,2018-09-28,14125000000.0,62900000000.0,70898000000.0,24084000000.0,2018,3,2018-08-30,223.25,228.26,222.4,225.03,48793824
396,2018-09-28,14125000000.0,62900000000.0,70898000000.0,24084000000.0,2018,3,2018-08-29,220.15,223.49,219.41,222.98,27254804
397,2018-09-28,14125000000.0,62900000000.0,70898000000.0,24084000000.0,2018,3,2018-08-28,219.01,220.54,218.92,219.7,22776766
398,2018-09-28,14125000000.0,62900000000.0,70898000000.0,24084000000.0,2018,3,2018-08-27,217.15,218.74,216.33,217.94,20525117
399,2018-09-28,14125000000.0,62900000000.0,70898000000.0,24084000000.0,2018,3,2018-08-24,216.6,216.9,215.11,216.16,18476356
400,2018-09-28,14125000000.0,62900000000.0,70898000000.0,24084000000.0,2018,3,2018-08-23,214.65,217.05,214.6,215.49,18883224
401,2018-09-28,14125000000.0,62900000000.0,70898000000.0,24084000000.0,2018,3,2018-08-22,214.1,216.36,213.84,215.05,19018131
402,2018-09-28,14125000000.0,62900000000.0,70898000000.0,24084000000.0,2018,3,2018-08-21,216.8,217.19,214.025,215.04,26159755
403,2018-09-28,14125000000.0,62900000000.0,70898000000.0,24084000000.0,2018,3,2018-08-20,218.1,219.18,215.11,215.46,30287695
404,2018-09-28,14125000000.0,62900000000.0,70898000000.0,24084000000.0,2018,3,2018-08-17,213.44,217.95,213.16,217.58,35426997
405,2018-09-28,14125000000.0,62900000000.0,70898000000.0,24084000000.0,2018,3,2018-08-16,211.75,213.8121,211.47,213.32,28500367
406,2018-09-28,14125000000.0,62900000000.0,70898000000.0,24084000000.0,2018,3,2018-08-15,209.22,210.74,208.33,210.24,28807564
407,2018-09-28,14125000000.0,62900000000.0,70898000000.0,24084000000.0,2018,3,2018-08-14,210.155,210.56,208.26,209.75,20748010
408,2018-09-28,14125000000.0,62900000000.0,70898000000.0,24084000000.0,2018,3,2018-08-13,207.7,210.952,207.7,208.87,25890880
409,2018-09-28,14125000000.0,62900000000.0,70898000000.0,24084000000.0,2018,3,2018-08-10,207.36,209.1,206.67,207.53,24611202
410,2018-09-28,14125000000.0,62900000000.0,70898000000.0,24084000000.0,2018,3,2018-08-09,207.28,209.78,207.2,208.88,23492626
411,2018-09-28,14125000000.0,62900000000.0,70898000000.0,24084000000.0,2018,3,2018-08-08,206.05,207.81,204.52,207.25,22525487
412,2018-09-28,14125000000.0,62900000000.0,70898000000.0,24084000000.0,2018,3,2018-08-07,209.32,209.5,206.76,207.11,25587387
413,2018-09-28,14125000000.0,62900000000.0,70898000000.0,24084000000.0,2018,3,2018-08-06,208.0,209.25,207.07,209.07,25425387
414,2018-09-28,14125000000.0,62900000000.0,70898000000.0,24084000000.0,2018,3,2018-08-03,207.03,208.74,205.4803,207.99,33447396
415,2018-09-28,14125000000.0,62900000000.0,70898000000.0,24084000000.0,2018,3,2018-08-02,200.58,208.38,200.35,207.39,62404012
416,2018-09-28,14125000000.0,62900000000.0,70898000000.0,24084000000.0,2018,3,2018-08-01,199.13,201.76,197.31,201.5,67935716
417,2018-09-28,14125000000.0,62900000000.0,70898000000.0,24084000000.0,2018,3,2018-07-31,190.3,192.14,189.34,190.29,39373038
418,2018-09-28,14125000000.0,62900000000.0,70898000000.0,24084000000.0,2018,3,2018-07-30,191.9,192.2,189.07,189.91,21029535
419,2018-09-28,14125000000.0,62900000000.0,70898000000.0,24084000000.0,2018,3,2018-07-27,194.99,195.19,190.1,190.98,24023972
420,2018-09-28,14125000000.0,62900000000.0,70898000000.0,24084000000.0,2018,3,2018-07-26,194.61,195.96,193.61,194.21,19075964
421,2018-09-28,14125000000.0,62900000000.0,70898000000.0,24084000000.0,2018,3,2018-07-25,193.0602,194.85,192.43,194.82,16826483
422,2018-09-28,14125000000.0,62900000000.0,70898000000.0,24084000000.0,2018,3,2018-07-24,192.45,193.6601,192.05,193.0,18697898
423,2018-09-28,14125000000.0,62900000000.0,70898000000.0,24084000000.0,2018,3,2018-07-23,190.68,191.96,189.56,191.61,15989365
424,2018-09-28,14125000000.0,62900000000.0,70898000000.0,24084000000.0,2018,3,2018-07-20,191.78,192.43,190.17,191.44,20706042
425,2018-09-28,14125000000.0,62900000000.0,70898000000.0,24084000000.0,2018,3,2018-07-19,189.69,192.55,189.69,191.88,20286752
426,2018-09-28,14125000000.0,62900000000.0,70898000000.0,24084000000.0,2018,3,2018-07-18,191.78,191.8,189.93,190.4,16393381
427,2018-09-28,14125000000.0,62900000000.0,70898000000.0,24084000000.0,2018,3,2018-07-17,189.75,191.87,189.2,191.45,15534523
428,2018-09-28,14125000000.0,62900000000.0,70898000000.0,24084000000.0,2018,3,2018-07-16,191.52,192.65,190.415,190.91,15043110
429,2018-09-28,14125000000.0,62900000000.0,70898000000.0,24084000000.0,2018,3,2018-07-13,191.08,191.84,190.9,191.33,12519792
430,2018-09-28,14125000000.0,62900000000.0,70898000000.0,24084000000.0,2018,3,2018-07-12,189.53,191.41,189.31,191.03,18041131
431,2018-09-28,14125000000.0,62900000000.0,70898000000.0,24084000000.0,2018,3,2018-07-11,188.5,189.7799,187.61,187.88,18831470
432,2018-09-28,14125000000.0,62900000000.0,70898000000.0,24084000000.0,2018,3,2018-07-10,190.71,191.28,190.1801,190.35,15939149
433,2018-09-28,14125000000.0,62900000000.0,70898000000.0,24084000000.0,2018,3,2018-07-09,189.5,190.68,189.3,190.58,19756634
434,2018-09-28,14125000000.0,62900000000.0,70898000000.0,24084000000.0,2018,3,2018-07-06,185.42,188.434,185.2,187.97,17485245
435,2018-09-28,14125000000.0,62900000000.0,70898000000.0,24084000000.0,2018,3,2018-07-05,185.26,186.41,184.28,185.4,16604248
436,2018-09-28,14125000000.0,62900000000.0,70898000000.0,24084000000.0,2018,3,2018-07-03,187.79,187.95,183.54,183.92,13954806
437,2018-09-28,14125000000.0,62900000000.0,70898000000.0,24084000000.0,2018,3,2018-07-02,183.82,187.3,183.42,187.18,17731343
438,2019-09-27,13686000000.0,64040000000.0,63930000000.0,24313000000.0,2019,3,2019-09-30,220.9,224.58,220.79,223.97,26318583
439,2019-09-27,13686000000.0,64040000000.0,63930000000.0,24313000000.0,2019,3,2019-09-27,220.54,220.96,217.2814,218.82,25361285
440,2019-09-27,13686000000.0,64040000000.0,63930000000.0,24313000000.0,2019,3,2019-09-26,220.0,220.94,218.83,219.89,19088312
441,2019-09-27,13686000000.0,64040000000.0,63930000000.0,24313000000.0,2019,3,2019-09-25,218.55,221.5,217.1402,221.03,22481006
442,2019-09-27,13686000000.0,64040000000.0,63930000000.0,24313000000.0,2019,3,2019-09-24,221.055,222.49,217.19,217.68,31434367
443,2019-09-27,13686000000.0,64040000000.0,63930000000.0,24313000000.0,2019,3,2019-09-23,218.95,219.84,217.65,218.72,19419648
444,2019-09-27,13686000000.0,64040000000.0,63930000000.0,24313000000.0,2019,3,2019-09-20,221.38,222.56,217.473,217.73,57977094
445,2019-09-27,13686000000.0,64040000000.0,63930000000.0,24313000000.0,2019,3,2019-09-19,222.01,223.76,220.37,220.96,22187876
446,2019-09-27,13686000000.0,64040000000.0,63930000000.0,24313000000.0,2019,3,2019-09-18,221.06,222.85,219.44,222.77,25643093
447,2019-09-27,13686000000.0,64040000000.0,63930000000.0,24313000000.0,2019,3,2019-09-17,219.96,220.82,219.12,220.7,18386468
448,2019-09-27,13686000000.0,64040000000.0,63930000000.0,24313000000.0,2019,3,2019-09-16,217.73,220.13,217.56,219.9,21158141
449,2019-09-27,13686000000.0,64040000000.0,63930000000.0,24313000000.0,2019,3,2019-09-13,220.0,220.79,217.02,218.75,39763296
450,2019-09-27,13686000000.0,64040000000.0,63930000000.0,24313000000.0,2019,3,2019-09-12,224.8,226.42,222.86,223.085,32226669
451,2019-09-27,13686000000.0,64040000000.0,63930000000.0,24313000000.0,2019,3,2019-09-11,218.07,223.71,217.73,223.59,44289646
452,2019-09-27,13686000000.0,64040000000.0,63930000000.0,24313000000.0,2019,3,2019-09-10,213.86,216.78,211.71,216.7,31777931
453,2019-09-27,13686000000.0,64040000000.0,63930000000.0,24313000000.0,2019,3,2019-09-09,214.84,216.44,211.07,214.17,27309401
454,2019-09-27,13686000000.0,64040000000.0,63930000000.0,24313000000.0,2019,3,2019-09-06,214.05,214.42,212.51,213.26,19362294
455,2019-09-27,13686000000.0,64040000000.0,63930000000.0,24313000000.0,2019,3,2019-09-05,212.0,213.97,211.51,213.28,23946984
456,2019-09-27,13686000000.0,64040000000.0,63930000000.0,24313000000.0,2019,3,2019-09-04,208.39,209.48,207.32,209.19,19216820
457,2019-09-27,13686000000.0,64040000000.0,63930000000.0,24313000000.0,2019,3,2019-09-03,206.43,206.98,204.22,205.7,20059574
458,2019-09-27,13686000000.0,64040000000.0,63930000000.0,24313000000.0,2019,3,2019-08-30,210.16,210.45,207.2,208.74,21162561
459,2019-09-27,13686000000.0,64040000000.0,63930000000.0,24313000000.0,2019,3,2019-08-29,208.5,209.32,206.655,209.01,21007652
460,2019-09-27,13686000000.0,64040000000.0,63930000000.0,24313000000.0,2019,3,2019-08-28,204.1,205.72,203.32,205.53,15957632
461,2019-09-27,13686000000.0,64040000000.0,63930000000.0,24313000000.0,2019,3,2019-08-27,207.86,208.55,203.53,204.16,25897344
462,2019-09-27,13686000000.0,64040000000.0,63930000000.0,24313000000.0,2019,3,2019-08-26,205.86,207.19,205.0573,206.49,26066130
463,2019-09-27,13686000000.0,64040000000.0,63930000000.0,24313000000.0,2019,3,2019-08-23,209.43,212.051,201.0,202.64,46882843
464,2019-09-27,13686000000.0,64040000000.0,63930000000.0,24313000000.0,2019,3,2019-08-22,213.19,214.435,210.75,212.46,22267819
465,2019-09-27,13686000000.0,64040000000.0,63930000000.0,24313000000.0,2019,3,2019-08-21,212.99,213.65,211.6032,212.64,21564747
466,2019-09-27,13686000000.0,64040000000.0,63930000000.0,24313000000.0,2019,3,2019-08-20,210.88,213.35,210.32,210.36,26919529
467,2019-09-27,13686000000.0,64040000000.0,63930000000.0,24313000000.0,2019,3,2019-08-19,210.62,212.7307,210.025,210.35,24431915
468,2019-09-27,13686000000.0,64040000000.0,63930000000.0,24313000000.0,2019,3,2019-08-16,204.28,207.16,203.84,206.5,28813624
469,2019-09-27,13686000000.0,64040000000.0,63930000000.0,24313000000.0,2019,3,2019-08-15,203.46,205.14,199.67,201.74,27883363
470,2019-09-27,13686000000.0,64040000000.0,63930000000.0,24313000000.0,2019,3,2019-08-14,203.16,206.44,202.5869,202.75,36547443
471,2019-09-27,13686000000.0,64040000000.0,63930000000.0,24313000000.0,2019,3,2019-08-13,201.02,212.14,200.83,208.97,47539786
472,2019-09-27,13686000000.0,64040000000.0,63930000000.0,24313000000.0,2019,3,2019-08-12,199.62,202.0516,199.15,200.48,22481889
473,2019-09-27,13686000000.0,64040000000.0,63930000000.0,24313000000.0,2019,3,2019-08-09,201.3,202.76,199.29,200.99,24619746
474,2019-09-27,13686000000.0,64040000000.0,63930000000.0,24313000000.0,2019,3,2019-08-08,200.2,203.53,199.39,203.43,27009523
475,2019-09-27,13686000000.0,64040000000.0,63930000000.0,24313000000.0,2019,3,2019-08-07,195.41,199.56,193.82,199.04,33364400
476,2019-09-27,13686000000.0,64040000000.0,63930000000.0,24313000000.0,2019,3,2019-08-06,196.31,198.067,194.04,197.0,35824787
477,2019-09-27,13686000000.0,64040000000.0,63930000000.0,24313000000.0,2019,3,2019-08-05,197.99,198.649,192.58,193.34,52392969
478,2019-09-27,13686000000.0,64040000000.0,63930000000.0,24313000000.0,2019,3,2019-08-02,205.53,206.43,201.63,204.02,40862122
479,2019-09-27,13686000000.0,64040000000.0,63930000000.0,24313000000.0,2019,3,2019-08-01,213.9,218.03,206.7435,208.43,54017922
480,2019-09-27,13686000000.0,64040000000.0,63930000000.0,24313000000.0,2019,3,2019-07-31,216.42,221.37,211.3,213.04,69281361
481,2019-09-27,13686000000.0,64040000000.0,63930000000.0,24313000000.0,2019,3,2019-07-30,208.76,210.16,207.31,208.78,33935718
482,2019-09-27,13686000000.0,64040000000.0,63930000000.0,24313000000.0,2019,3,2019-07-29,208.46,210.64,208.44,209.68,21673389
483,2019-09-27,13686000000.0,64040000000.0,63930000000.0,24313000000.0,2019,3,2019-07-26,207.48,209.73,207.14,207.74,17618874
484,2019-09-27,13686000000.0,64040000000.0,63930000000.0,24313000000.0,2019,3,2019-07-25,208.89,209.24,206.73,207.02,13909535
485,2019-09-27,13686000000.0,64040000000.0,63930000000.0,24313000000.0,2019,3,2019-07-24,207.67,209.15,207.17,208.67,14991567
486,2019-09-27,13686000000.0,64040000000.0,63930000000.0,24313000000.0,2019,3,2019-07-23,208.46,208.91,207.29,208.84,18355210
487,2019-09-27,13686000000.0,64040000000.0,63930000000.0,24313000000.0,2019,3,2019-07-22,203.65,207.23,203.61,207.22,22277932
488,2019-09-27,13686000000.0,64040000000.0,63930000000.0,24313000000.0,2019,3,2019-07-19,205.79,206.5,202.36,202.59,20929307
489,2019-09-27,13686000000.0,64040000000.0,63930000000.0,24313000000.0,2019,3,2019-07-18,204.0,205.88,203.7,205.66,18582161
490,2019-09-27,13686000000.0,64040000000.0,63930000000.0,24313000000.0,2019,3,2019-07-17,204.05,205.0915,203.27,203.35,14107450
491,2019-09-27,13686000000.0,64040000000.0,63930000000.0,24313000000.0,2019,3,2019-07-16,204.59,206.11,203.5,204.5,16866816
492,2019-09-27,13686000000.0,64040000000.0,63930000000.0,24313000000.0,2019,3,2019-07-15,204.09,205.87,204.0,205.21,16947420
493,2019-09-27,13686000000.0,64040000000.0,63930000000.0,24313000000.0,2019,3,2019-07-12,202.45,204.0,202.2,203.3,17595212
494,2019-09-27,13686000000.0,64040000000.0,63930000000.0,24313000000.0,2019,3,2019-07-11,203.31,204.39,201.71,201.75,20191842
495,2019-09-27,13686000000.0,64040000000.0,63930000000.0,24313000000.0,2019,3,2019-07-10,201.85,203.73,201.56,203.23,17897138
496,2019-09-27,13686000000.0,64040000000.0,63930000000.0,24313000000.0,2019,3,2019-07-09,199.2,201.51,198.81,201.24,20578015
497,2019-09-27,13686000000.0,64040000000.0,63930000000.0,24313000000.0,2019,3,2019-07-08,200.81,201.4,198.41,200.02,25338628
498,2019-09-27,13686000000.0,64040000000.0,63930000000.0,24313000000.0,2019,3,2019-07-05,203.35,205.08,202.9,204.23,17265518
499,2019-09-27,13686000000.0,64040000000.0,63930000000.0,24313000000.0,2019,3,2019-07-03,203.28,204.44,202.6901,204.41,11362045
500,2019-09-27,13686000000.0,64040000000.0,63930000000.0,24313000000.0,2019,3,2019-07-02,201.41,203.1323,201.36,202.73,16935217
501,2019-09-27,13686000000.0,64040000000.0,63930000000.0,24313000000.0,2019,3,2019-07-01,203.17,204.49,200.65,201.55,27316739
502,,,,,,2020,1,2020-01-08,297.16,304.4399,297.156,303.19,32669876
503,,,,,,2020,1,2020-01-07,299.84,300.9,297.48,298.39,27877655
504,,,,,,2020,1,2020-01-06,293.79,299.96,292.75,299.8,29644644
505,,,,,,2020,1,2020-01-03,297.15,300.58,296.5,297.43,36633878
506,,,,,,2020,1,2020-01-02,296.24,300.6,295.19,300.35,33911864
507,,,,,,2019,4,2019-12-31,289.93,293.68,289.52,293.65,25247625
508,,,,,,2019,4,2019-12-30,289.46,292.69,285.22,291.52,36059614
509,,,,,,2019,4,2019-12-27,291.12,293.97,288.12,289.8,36592936
510,,,,,,2019,4,2019-12-26,284.82,289.98,284.7,289.91,23334004
511,,,,,,2019,4,2019-12-24,284.69,284.89,282.9197,284.27,12119714
512,,,,,,2019,4,2019-12-23,280.53,284.25,280.3735,284.0,24677883
513,,,,,,2019,4,2019-12-20,282.23,282.65,278.56,279.44,69032743
514,,,,,,2019,4,2019-12-19,279.5,281.18,278.95,280.02,24626947
515,,,,,,2019,4,2019-12-18,279.8,281.9,279.12,279.74,29024687
516,,,,,,2019,4,2019-12-17,279.57,281.77,278.8,280.41,28575798
517,,,,,,2019,4,2019-12-16,277.0,280.79,276.98,279.86,32081105
518,,,,,,2019,4,2019-12-13,271.46,275.3,270.93,275.15,33432806
519,,,,,,2019,4,2019-12-12,267.78,272.5599,267.321,271.46,34437042
520,,,,,,2019,4,2019-12-11,268.81,271.1,268.5,270.77,19723391
521,,,,,,2019,4,2019-12-10,268.6,270.07,265.86,268.48,22632383
522,,,,,,2019,4,2019-12-09,270.0,270.8,264.91,266.92,32182645
523,,,,,,2019,4,2019-12-06,267.48,271.0,267.3,270.71,26547493
524,,,,,,2019,4,2019-12-05,263.79,265.89,262.73,265.58,18661343
525,,,,,,2019,4,2019-12-04,261.07,263.31,260.68,261.74,16810388
526,,,,,,2019,4,2019-12-03,258.31,259.53,256.29,259.45,29377268
527,,,,,,2019,4,2019-12-02,267.27,268.25,263.45,264.16,23693550
528,,,,,,2019,4,2019-11-29,266.6,268.0,265.9,267.25,11654363
529,,,,,,2019,4,2019-11-27,265.58,267.98,265.31,267.84,16386122
530,,,,,,2019,4,2019-11-26,266.94,267.16,262.5,264.29,26334882
531,,,,,,2019,4,2019-11-25,262.71,266.44,262.52,266.37,21029517
532,,,,,,2019,4,2019-11-22,262.59,263.18,260.84,261.78,16331263
533,,,,,,2019,4,2019-11-21,263.69,264.005,261.18,262.01,30348778
534,,,,,,2019,4,2019-11-20,265.54,266.083,260.4,263.19,26609919
535,,,,,,2019,4,2019-11-19,267.9,268.0,265.3926,266.29,19069597
536,,,,,,2019,4,2019-11-18,265.8,267.43,264.23,267.1,21700897
537,,,,,,2019,4,2019-11-15,263.68,265.78,263.01,265.76,25093666
538,,,,,,2019,4,2019-11-14,263.75,264.88,262.1,262.64,22395556
539,,,,,,2019,4,2019-11-13,261.13,264.78,261.07,264.47,25817593
540,,,,,,2019,4,2019-11-12,261.55,262.79,260.92,261.96,21847226
541,,,,,,2019,4,2019-11-11,258.3,262.47,258.28,262.2,20507459
542,,,,,,2019,4,2019-11-08,258.69,260.44,256.85,260.14,17520495
543,,,,,,2019,4,2019-11-07,258.74,260.35,258.11,259.43,23735083
544,,,,,,2019,4,2019-11-06,256.77,257.49,255.365,257.24,18966124
545,,,,,,2019,4,2019-11-05,257.05,258.19,256.32,257.13,19974427
546,,,,,,2019,4,2019-11-04,257.33,257.845,255.38,257.5,25817952
547,,,,,,2019,4,2019-11-01,249.54,255.93,249.16,255.82,37781334
548,,,,,,2019,4,2019-10-31,247.24,249.17,237.26,248.76,34790520
549,,,,,,2019,4,2019-10-30,244.76,245.3,241.21,243.26,31130522
550,,,,,,2019,4,2019-10-29,248.97,249.75,242.57,243.29,35709867
551,,,,,,2019,4,2019-10-28,247.42,249.25,246.72,249.05,23655368
552,,,,,,2019,4,2019-10-25,243.16,246.73,242.88,246.58,18369296
553,,,,,,2019,4,2019-10-24,244.51,244.8,241.805,243.58,17916255
554,,,,,,2019,4,2019-10-23,242.1,243.24,241.22,243.18,19932545
555,,,,,,2019,4,2019-10-22,241.16,242.2,239.6218,239.96,22684001
556,,,,,,2019,4,2019-10-21,237.52,240.99,237.32,240.51,21811567
557,,,,,,2019,4,2019-10-18,234.59,237.58,234.29,236.41,24248023
558,,,,,,2019,4,2019-10-17,235.09,236.15,233.52,235.28,17272897
559,,,,,,2019,4,2019-10-16,233.37,235.24,233.2,234.37,19286694
560,,,,,,2019,4,2019-10-15,236.39,237.65,234.88,235.32,23040483
561,,,,,,2019,4,2019-10-14,234.9,238.1342,234.6701,235.87,24413484
562,,,,,,2019,4,2019-10-11,232.95,237.64,232.3075,236.21,41990210
563,,,,,,2019,4,2019-10-10,227.93,230.44,227.3,230.09,28962984
564,,,,,,2019,4,2019-10-09,227.03,227.79,225.64,227.03,19029424
565,,,,,,2019,4,2019-10-08,225.82,228.06,224.33,224.4,29282700
566,,,,,,2019,4,2019-10-07,226.27,229.93,225.84,227.06,30889269
567,,,,,,2019,4,2019-10-04,225.64,227.49,223.89,227.01,34755553
568,,,,,,2019,4,2019-10-03,218.43,220.96,215.132,220.82,30352686
569,,,,,,2019,4,2019-10-02,223.06,223.58,217.93,218.96,35767257
570,,,,,,2019,4,2019-10-01,225.07,228.22,224.2,224.59,36187163
571,,,,,,2017,3,2017-09-29,153.21,154.13,152.0,154.12,25856530
572,,,,,,2017,3,2017-09-28,153.89,154.28,152.7,153.28,21896592
573,,,,,,2017,3,2017-09-27,153.8,154.7189,153.54,154.23,24959552
574,,,,,,2017,3,2017-09-26,151.78,153.92,151.69,153.14,35470985
575,,,,,,2017,3,2017-09-25,149.99,151.83,149.16,150.55,43922334
576,,,,,,2017,3,2017-09-22,152.02,152.27,150.56,151.89,46114424
577,,,,,,2017,3,2017-09-21,155.8,155.8,152.75,153.39,36643382
578,,,,,,2017,3,2017-09-20,157.9,158.26,153.83,156.07,51693239
579,,,,,,2017,3,2017-09-19,159.51,159.77,158.44,158.73,20347352
580,,,,,,2017,3,2017-09-18,160.11,160.5,157.995,158.67,27939718
581,,,,,,2017,3,2017-09-15,158.47,160.97,158.0,159.88,48203642
582,,,,,,2017,3,2017-09-14,158.99,159.4,158.09,158.28,23073646
583,,,,,,2017,3,2017-09-13,159.87,159.96,157.91,159.65,44393752
584,,,,,,2017,3,2017-09-12,162.61,163.96,158.77,160.86,71139119
585,,,,,,2017,3,2017-09-11,160.5,162.05,159.89,161.5,31028926
586,,,,,,2017,3,2017-09-08,160.86,161.15,158.53,158.63,28183159
587,,,,,,2017,3,2017-09-07,162.09,162.24,160.36,161.26,21722995
588,,,,,,2017,3,2017-09-06,162.71,162.99,160.52,161.91,21179047
589,,,,,,2017,3,2017-09-05,163.75,164.25,160.56,162.08,29317054
590,,,,,,2017,3,2017-09-01,164.8,164.94,163.63,164.05,16508568
591,,,,,,2017,3,2017-08-31,163.64,164.52,163.48,164.0,26412439
592,,,,,,2017,3,2017-08-30,163.8,163.89,162.61,163.35,26973946
593,,,,,,2017,3,2017-08-29,160.1,163.12,160.0,162.91,29307862
594,,,,,,2017,3,2017-08-28,160.14,162.0,159.93,161.47,25279674
595,,,,,,2017,3,2017-08-25,159.65,160.56,159.27,159.86,25015218
596,,,,,,2017,3,2017-08-24,160.43,160.74,158.55,159.27,19029621
597,,,,,,2017,3,2017-08-23,159.07,160.47,158.88,159.98,19198189
598,,,,,,2017,3,2017-08-22,158.23,160.0,158.02,159.78,21297812
599,,,,,,2017,3,2017-08-21,157.5,157.89,155.1101,157.21,26145653
600,,,,,,2017,3,2017-08-18,157.86,159.5,156.72,157.5,27012525
601,,,,,,2017,3,2017-08-17,160.52,160.71,157.84,157.86,26925694
602,,,,,,2017,3,2017-08-16,161.94,162.51,160.15,160.95,27321761
603,,,,,,2017,3,2017-08-15,160.66,162.195,160.14,161.6,27936774
604,,,,,,2017,3,2017-08-14,159.32,160.21,158.75,159.85,21754810
605,,,,,,2017,3,2017-08-11,156.6,158.5728,156.07,157.48,25943187
606,,,,,,2017,3,2017-08-10,159.9,160.0,154.63,155.32,39081017
607,,,,,,2017,3,2017-08-09,159.26,161.27,159.11,161.06,25640394
608,,,,,,2017,3,2017-08-08,158.6,161.83,158.27,160.08,35775675
609,,,,,,2017,3,2017-08-07,157.06,158.92,156.6701,158.81,21870321
610,,,,,,2017,3,2017-08-04,156.07,157.4,155.69,156.39,20349532
611,,,,,,2017,3,2017-08-03,157.05,157.21,155.02,155.57,26000738
612,,,,,,2017,3,2017-08-02,159.28,159.75,156.16,157.14,69222793
613,,,,,,2017,3,2017-08-01,149.1,150.22,148.41,150.05,24725526
614,,,,,,2017,3,2017-07-31,149.9,150.33,148.13,148.73,19422655
615,,,,,,2017,3,2017-07-28,149.89,150.23,149.19,149.5,16832947
616,,,,,,2017,3,2017-07-27,153.75,153.99,147.3,150.56,32175875
617,,,,,,2017,3,2017-07-26,153.35,153.93,153.06,153.46,15172136
618,,,,,,2017,3,2017-07-25,151.8,153.84,151.8,152.74,18612649
619,,,,,,2017,3,2017-07-24,150.58,152.44,149.9,152.09,21122730
620,,,,,,2017,3,2017-07-21,149.99,150.44,148.88,150.27,24671002
621,,,,,,2017,3,2017-07-20,151.5,151.74,150.19,150.34,17053326
622,,,,,,2017,3,2017-07-19,150.48,151.42,149.95,151.02,20615419
623,,,,,,2017,3,2017-07-18,149.2,150.13,148.67,150.08,17713795
624,,,,,,2017,3,2017-07-17,148.82,150.9,148.57,149.56,23243713
625,,,,,,2017,3,2017-07-14,147.97,149.33,147.33,149.04,19961788
626,,,,,,2017,3,2017-07-13,145.5,148.49,145.44,147.77,24922788
627,,,,,,2017,3,2017-07-12,145.87,146.18,144.82,145.74,23617964
628,,,,,,2017,3,2017-07-11,144.73,145.85,144.38,145.53,18311156
629,,,,,,2017,3,2017-07-10,144.11,145.95,143.37,145.06,21030466
630,,,,,,2017,3,2017-07-07,142.9,144.75,142.9,144.18,18505351
631,,,,,,2017,3,2017-07-06,143.02,143.5,142.41,142.73,23374374
632,,,,,,2017,3,2017-07-05,143.69,144.79,142.7237,144.09,20758795
633,,,,,,2017,3,2017-07-03,144.88,145.3,143.1,143.5,14258300
634,,,,,,2017,2,2017-06-30,144.45,144.96,143.78,144.02,22328979
635,,,,,,2017,2,2017-06-29,144.71,145.13,142.28,143.68,31116980
636,,,,,,2017,2,2017-06-28,144.49,146.11,143.1601,145.83,21915939
637,,,,,,2017,2,2017-06-27,145.01,146.16,143.62,143.73,24423643
638,,,,,,2017,2,2017-06-26,147.17,148.28,145.38,145.82,25524661
639,,,,,,2017,2,2017-06-23,145.13,147.16,145.11,146.28,25997976
640,,,,,,2017,2,2017-06-22,145.77,146.7,145.1199,145.63,18673365
641,,,,,,2017,2,2017-06-21,145.52,146.0693,144.61,145.87,21064679
642,,,,,,2017,2,2017-06-20,146.87,146.87,144.94,145.01,24572170
643,,,,,,2017,2,2017-06-19,143.66,146.74,143.66,146.34,31449132
644,,,,,,2017,2,2017-06-16,143.78,144.5,142.2,142.27,49180748
645,,,,,,2017,2,2017-06-15,143.32,144.4798,142.21,144.29,31348832
646,,,,,,2017,2,2017-06-14,147.5,147.5,143.84,145.16,31224203
647,,,,,,2017,2,2017-06-13,147.16,147.45,145.15,146.59,33749154
648,,,,,,2017,2,2017-06-12,145.74,146.09,142.51,145.42,71563614
649,,,,,,2017,2,2017-06-09,155.19,155.19,146.02,148.98,64882700
650,,,,,,2017,2,2017-06-08,155.25,155.54,154.4,154.99,20771367
651,,,,,,2017,2,2017-06-07,155.02,155.98,154.48,155.37,20678772
652,,,,,,2017,2,2017-06-06,153.9,155.81,153.78,154.45,26249630
653,,,,,,2017,2,2017-06-05,154.34,154.45,153.46,153.93,24803858
654,,,,,,2017,2,2017-06-02,153.58,155.45,152.89,155.45,27285861
655,,,,,,2017,2,2017-06-01,153.17,153.33,152.22,153.18,16180143
656,,,,,,2017,2,2017-05-31,153.97,154.17,152.38,152.76,23162873
657,,,,,,2017,2,2017-05-30,153.42,154.43,153.33,153.67,20034934
658,,,,,,2017,2,2017-05-26,154.0,154.24,153.31,153.61,21632202
659,,,,,,2017,2,2017-05-25,153.73,154.35,153.03,153.87,19044463
660,,,,,,2017,2,2017-05-24,153.84,154.17,152.67,153.34,19118319
661,,,,,,2017,2,2017-05-23,154.9,154.9,153.31,153.8,19430358
662,,,,,,2017,2,2017-05-22,154.0,154.58,152.91,153.99,22340069
663,,,,,,2017,2,2017-05-19,153.38,153.98,152.63,153.06,26733798
664,,,,,,2017,2,2017-05-18,151.27,153.34,151.13,152.54,33159664
665,,,,,,2017,2,2017-05-17,153.6,154.57,149.71,150.25,49482818
666,,,,,,2017,2,2017-05-16,155.94,156.06,154.72,155.47,19904679
667,,,,,,2017,2,2017-05-15,156.01,156.65,155.05,155.7,25700983
668,,,,,,2017,2,2017-05-12,154.7,156.42,154.67,156.1,32221756
669,,,,,,2017,2,2017-05-11,152.45,154.07,152.31,153.95,25596687
670,,,,,,2017,2,2017-05-10,153.63,153.94,152.11,153.26,25670456
671,,,,,,2017,2,2017-05-09,153.87,154.88,153.45,153.99,35942435
672,,,,,,2017,2,2017-05-08,149.03,153.7,149.03,153.01,48339210
673,,,,,,2017,2,2017-05-05,146.76,148.98,146.76,148.96,26787359
674,,,,,,2017,2,2017-05-04,146.52,147.14,145.81,146.53,23275690
675,,,,,,2017,2,2017-05-03,145.59,147.49,144.27,147.06,45142806
676,,,,,,2017,2,2017-05-02,147.54,148.09,146.84,147.51,39752670
677,,,,,,2017,2,2017-05-01,145.1,147.2,144.96,146.58,32818760
678,,,,,,2017,2,2017-04-28,144.09,144.3,143.27,143.65,20247187
679,,,,,,2017,2,2017-04-27,143.9225,144.16,143.31,143.79,13948980
680,,,,,,2017,2,2017-04-26,144.47,144.6,143.3762,143.68,19614287
681,,,,,,2017,2,2017-04-25,143.91,144.9,143.87,144.53,18216472
682,,,,,,2017,2,2017-04-24,143.5,143.95,143.18,143.64,17116599
683,,,,,,2017,2,2017-04-21,142.44,142.68,141.85,142.27,17320928
684,,,,,,2017,2,2017-04-20,141.22,142.92,141.16,142.44,23319562
685,,,,,,2017,2,2017-04-19,141.88,142.0,140.45,140.68,17328375
686,,,,,,2017,2,2017-04-18,141.41,142.04,141.11,141.2,14697544
687,,,,,,2017,2,2017-04-17,141.48,141.88,140.87,141.83,16582094
688,,,,,,2017,2,2017-04-13,141.91,142.38,141.05,141.05,17822880
689,,,,,,2017,2,2017-04-12,141.6,142.15,141.01,141.8,20350000
690,,,,,,2017,2,2017-04-11,142.94,143.35,140.06,141.63,30379376
691,,,,,,2017,2,2017-04-10,143.6,143.8792,142.9,143.17,18933397
692,,,,,,2017,2,2017-04-07,143.73,144.18,143.27,143.34,16658543
693,,,,,,2017,2,2017-04-06,144.29,144.52,143.45,143.66,21149034
694,,,,,,2017,2,2017-04-05,144.22,145.46,143.81,144.02,27717854
695,,,,,,2017,2,2017-04-04,143.25,144.89,143.17,144.77,19891354
696,,,,,,2017,2,2017-04-03,143.71,144.12,143.05,143.7,19985714
697,,,,,,2017,1,2017-03-31,143.72,144.27,143.01,143.66,19661651
698,,,,,,2017,1,2017-03-30,144.19,144.5,143.5,143.93,21207252
699,,,,,,2017,1,2017-03-29,143.68,144.49,143.19,144.12,29189955
700,,,,,,2017,1,2017-03-28,140.91,144.04,140.62,143.8,33374805
701,,,,,,2017,1,2017-03-27,139.39,141.22,138.62,140.88,23575094
702,,,,,,2017,1,2017-03-24,141.5,141.74,140.35,140.64,22395563
703,,,,,,2017,1,2017-03-23,141.26,141.5844,140.61,140.92,20346301
704,,,,,,2017,1,2017-03-22,139.845,141.6,139.76,141.42,25860165
705,,,,,,2017,1,2017-03-21,142.11,142.8,139.73,139.84,39529912
706,,,,,,2017,1,2017-03-20,140.4,141.5,140.23,141.46,21542038
707,,,,,,2017,1,2017-03-17,141.0,141.0,139.89,139.99,43884952
708,,,,,,2017,1,2017-03-16,140.72,141.02,140.26,140.69,19231998
709,,,,,,2017,1,2017-03-15,139.41,140.7501,139.025,140.46,25691774
710,,,,,,2017,1,2017-03-14,139.3,139.65,138.84,138.99,15309065
711,,,,,,2017,1,2017-03-13,138.85,139.43,138.82,139.2,17421717
712,,,,,,2017,1,2017-03-10,139.25,139.3571,138.64,139.14,19612801
713,,,,,,2017,1,2017-03-09,138.74,138.79,137.05,138.68,22155904
714,,,,,,2017,1,2017-03-08,138.95,139.8,138.82,139.0,18707236
715,,,,,,2017,1,2017-03-07,139.06,139.98,138.79,139.52,17446297
716,,,,,,2017,1,2017-03-06,139.365,139.77,138.5959,139.34,21750044
717,,,,,,2017,1,2017-03-03,138.78,139.83,138.59,139.78,21571121
718,,,,,,2017,1,2017-03-02,140.0,140.2786,138.76,138.96,26210984
719,,,,,,2017,1,2017-03-01,137.89,140.15,137.595,139.79,36414585
720,,,,,,2017,1,2017-02-28,137.08,137.435,136.7,136.99,23482860
721,,,,,,2017,1,2017-02-27,137.14,137.435,136.28,136.93,20257426
722,,,,,,2017,1,2017-02-24,135.91,136.66,135.28,136.66,21776585
723,,,,,,2017,1,2017-02-23,137.38,137.48,136.3,136.53,20788186
724,,,,,,2017,1,2017-02-22,136.43,137.12,136.11,137.11,20836932
725,,,,,,2017,1,2017-02-21,136.23,136.75,135.98,136.7,24507156
726,,,,,,2017,1,2017-02-17,135.1,135.83,135.1,135.72,22198197
727,,,,,,2017,1,2017-02-16,135.67,135.9,134.8398,135.345,22584555
728,,,,,,2017,1,2017-02-15,135.52,136.27,134.62,135.51,35623100
729,,,,,,2017,1,2017-02-14,133.47,135.09,133.25,135.02,33226223
730,,,,,,2017,1,2017-02-13,133.08,133.82,132.75,133.29,23035421
731,,,,,,2017,1,2017-02-10,132.46,132.94,132.05,132.12,20065458
732,,,,,,2017,1,2017-02-09,131.65,132.445,131.12,132.42,28349859
733,,,,,,2017,1,2017-02-08,131.35,132.22,131.22,132.04,23004072
734,,,,,,2017,1,2017-02-07,130.54,132.09,130.45,131.53,38183841
735,,,,,,2017,1,2017-02-06,129.13,130.5,128.9,130.29,26845924
736,,,,,,2017,1,2017-02-03,128.31,129.19,128.16,129.08,24507301
737,,,,,,2017,1,2017-02-02,127.975,129.39,127.78,128.53,33710411
738,,,,,,2017,1,2017-02-01,127.03,130.49,127.01,128.75,111985040
739,,,,,,2017,1,2017-01-31,121.15,121.39,120.62,121.35,49200993
740,,,,,,2017,1,2017-01-30,120.93,121.63,120.66,121.63,30377503
741,,,,,,2017,1,2017-01-27,122.14,122.35,121.6,121.95,20562944
742,,,,,,2017,1,2017-01-26,121.67,122.44,121.6,121.94,26337576
743,,,,,,2017,1,2017-01-25,120.42,122.1,120.28,121.88,32586673
744,,,,,,2017,1,2017-01-24,119.55,120.1,119.5,119.97,23211038
745,,,,,,2017,1,2017-01-23,120.0,120.81,119.77,120.08,22050218
746,,,,,,2017,1,2017-01-20,120.45,120.45,119.7346,120.0,32597892
747,,,,,,2017,1,2017-01-19,119.4,120.09,119.37,119.78,25597291
748,,,,,,2017,1,2017-01-18,120.0,120.5,119.71,119.99,23712961
749,,,,,,2017,1,2017-01-17,118.34,120.24,118.22,120.0,34439843
750,,,,,,2017,1,2017-01-13,119.11,119.62,118.81,119.04,26111948
751,,,,,,2017,1,2017-01-12,118.895,119.3,118.21,119.25,27086220
752,,,,,,2017,1,2017-01-11,118.74,119.93,118.6,119.75,27588593
753,,,,,,2017,1,2017-01-10,118.77,119.38,118.3,119.11,24462051
754,,,,,,2017,1,2017-01-09,117.95,119.43,117.94,118.99,33561948
755,,,,,,2017,1,2017-01-06,116.78,118.16,116.47,117.91,31751900
756,,,,,,2017,1,2017-01-05,115.92,116.8642,115.81,116.61,22193587
757,,,,,,2017,1,2017-01-04,115.85,116.51,115.75,116.02,21118116
758,,,,,,2017,1,2017-01-03,115.8,116.33,114.76,116.15,28781865
