,Date,Open,High,Low,Close,Adj_Close,Volume,Year,Quarter
0,2017-01-03,115.800003,116.33000200000001,114.760002,116.150002,110.953873,28781900,2017,1
1,2017-01-04,115.849998,116.510002,115.75,116.019997,110.829704,21118100,2017,1
2,2017-01-05,115.91999799999999,116.860001,115.809998,116.610001,111.393303,22193600,2017,1
3,2017-01-06,116.779999,118.160004,116.470001,117.910004,112.635139,31751900,2017,1
4,2017-01-09,117.949997,119.43,117.940002,118.989998,113.666824,33561900,2017,1
5,2017-01-10,118.769997,119.379997,118.300003,119.110001,113.78146399999999,24462100,2017,1
6,2017-01-11,118.739998,119.93,118.599998,119.75,114.392822,27588600,2017,1
7,2017-01-12,118.900002,119.300003,118.209999,119.25,113.91518400000001,27086200,2017,1
8,2017-01-13,119.110001,119.620003,118.809998,119.040001,113.714584,26111900,2017,1
9,2017-01-17,118.339996,120.239998,118.220001,120.0,114.631653,34439800,2017,1
10,2017-01-18,120.0,120.5,119.709999,119.989998,114.62208600000001,23713000,2017,1
11,2017-01-19,119.400002,120.089996,119.370003,119.779999,114.42148600000002,25597300,2017,1
12,2017-01-20,120.449997,120.449997,119.730003,120.0,114.631653,32597900,2017,1
13,2017-01-23,120.0,120.809998,119.769997,120.08000200000001,114.70806100000001,22050200,2017,1
14,2017-01-24,119.550003,120.099998,119.5,119.970001,114.60298200000001,23211000,2017,1
15,2017-01-25,120.41999799999999,122.099998,120.279999,121.879997,116.427536,32377600,2017,1
16,2017-01-26,121.66999799999999,122.440002,121.599998,121.940002,116.48485600000001,26337600,2017,1
17,2017-01-27,122.139999,122.349998,121.599998,121.949997,116.49441499999999,20562900,2017,1
18,2017-01-30,120.93,121.629997,120.660004,121.629997,116.188705,30377500,2017,1
19,2017-01-31,121.150002,121.389999,120.620003,121.349998,115.921227,49201000,2017,1
20,2017-02-01,127.029999,130.490005,127.010002,128.75,122.99018899999999,111985000,2017,1
21,2017-02-02,127.980003,129.389999,127.779999,128.529999,122.780045,33710400,2017,1
22,2017-02-03,128.309998,129.190002,128.16000400000001,129.080002,123.305435,24507300,2017,1
23,2017-02-06,129.130005,130.5,128.899994,130.28999299999998,124.46131100000001,26845900,2017,1
24,2017-02-07,130.53999299999998,132.08999599999999,130.449997,131.529999,125.64580500000001,38183800,2017,1
25,2017-02-08,131.350006,132.220001,131.220001,132.03999299999998,126.13301799999999,23004100,2017,1
26,2017-02-09,131.649994,132.449997,131.119995,132.419998,127.044449,28349900,2017,1
27,2017-02-10,132.46000700000002,132.940002,132.050003,132.119995,126.756615,20065500,2017,1
28,2017-02-13,133.080002,133.820007,132.75,133.28999299999998,127.87910500000001,23035400,2017,1
29,2017-02-14,133.470001,135.08999599999999,133.25,135.020004,129.53891000000002,33226200,2017,1
30,2017-02-15,135.520004,136.270004,134.619995,135.509995,130.009018,35623100,2017,1
31,2017-02-16,135.669998,135.899994,134.83999599999999,135.350006,129.855499,22584600,2017,1
32,2017-02-17,135.100006,135.830002,135.100006,135.720001,130.210526,22198200,2017,1
33,2017-02-21,136.229996,136.75,135.979996,136.699997,131.150726,24507200,2017,1
34,2017-02-22,136.429993,137.119995,136.110001,137.110001,131.544052,20836900,2017,1
35,2017-02-23,137.380005,137.479996,136.300003,136.529999,130.98761000000002,20788200,2017,1
36,2017-02-24,135.91000400000001,136.66000400000001,135.279999,136.66000400000001,131.11235,21776600,2017,1
37,2017-02-27,137.139999,137.440002,136.279999,136.929993,131.371368,20257400,2017,1
38,2017-02-28,137.080002,137.440002,136.699997,136.990005,131.428955,23482900,2017,1
39,2017-03-01,137.889999,140.149994,137.600006,139.78999299999998,134.11528,36414600,2017,1
40,2017-03-02,140.0,140.279999,138.759995,138.96000700000002,133.318939,26211000,2017,1
41,2017-03-03,138.779999,139.830002,138.58999599999999,139.779999,134.105652,21108100,2017,1
42,2017-03-06,139.369995,139.770004,138.600006,139.33999599999999,133.683517,21750000,2017,1
43,2017-03-07,139.059998,139.979996,138.78999299999998,139.520004,133.856232,17446300,2017,1
44,2017-03-08,138.949997,139.800003,138.820007,139.0,133.357315,18707200,2017,1
45,2017-03-09,138.740005,138.78999299999998,137.050003,138.679993,133.050323,22155900,2017,1
46,2017-03-10,139.25,139.360001,138.639999,139.139999,133.491669,19612800,2017,1
47,2017-03-13,138.850006,139.429993,138.820007,139.199997,133.549194,17421700,2017,1
48,2017-03-14,139.300003,139.649994,138.83999599999999,138.990005,133.347763,15309100,2017,1
49,2017-03-15,139.41000400000001,140.75,139.029999,140.46000700000002,134.75808700000002,25691800,2017,1
50,2017-03-16,140.720001,141.020004,140.259995,140.690002,134.978714,19232000,2017,1
51,2017-03-17,141.0,141.0,139.889999,139.990005,134.307159,43885000,2017,1
52,2017-03-20,140.399994,141.5,140.229996,141.46000700000002,135.717484,21542000,2017,1
53,2017-03-21,142.110001,142.800003,139.729996,139.83999599999999,134.163223,39529900,2017,1
54,2017-03-22,139.850006,141.600006,139.759995,141.419998,135.679092,25860200,2017,1
55,2017-03-23,141.259995,141.580002,140.610001,140.919998,135.19937099999999,20346300,2017,1
56,2017-03-24,141.5,141.740005,140.350006,140.639999,134.930756,22395600,2017,1
57,2017-03-27,139.389999,141.220001,138.619995,140.880005,135.161026,23575100,2017,1
58,2017-03-28,140.91000400000001,144.03999299999998,140.619995,143.800003,137.962479,33374800,2017,1
59,2017-03-29,143.679993,144.490005,143.190002,144.119995,138.269485,29190000,2017,1
60,2017-03-30,144.190002,144.5,143.5,143.929993,138.087189,21207300,2017,1
61,2017-03-31,143.720001,144.270004,143.009995,143.66000400000001,137.828171,19661700,2017,1
62,2017-04-03,143.71000700000002,144.119995,143.050003,143.699997,137.866547,19985700,2017,2
63,2017-04-04,143.25,144.889999,143.169998,144.770004,138.893127,19891400,2017,2
64,2017-04-05,144.220001,145.46000700000002,143.809998,144.020004,138.173553,27717900,2017,2
65,2017-04-06,144.28999299999998,144.520004,143.449997,143.66000400000001,137.828171,21149000,2017,2
66,2017-04-07,143.729996,144.179993,143.270004,143.33999599999999,137.521149,16672200,2017,2
67,2017-04-10,143.600006,143.880005,142.899994,143.169998,137.358063,18933400,2017,2
68,2017-04-11,142.940002,143.350006,140.059998,141.630005,135.880585,30379400,2017,2
69,2017-04-12,141.600006,142.149994,141.009995,141.800003,136.043655,20350000,2017,2
70,2017-04-13,141.91000400000001,142.380005,141.050003,141.050003,135.324158,17822900,2017,2
71,2017-04-17,141.479996,141.880005,140.869995,141.830002,136.072449,16582100,2017,2
72,2017-04-18,141.41000400000001,142.03999299999998,141.110001,141.199997,135.46803300000002,14697500,2017,2
73,2017-04-19,141.880005,142.0,140.449997,140.679993,134.96911599999999,17328400,2017,2
74,2017-04-20,141.220001,142.919998,141.16000400000001,142.440002,136.657715,23319600,2017,2
75,2017-04-21,142.440002,142.679993,141.850006,142.270004,136.494598,17320900,2017,2
76,2017-04-24,143.5,143.949997,143.179993,143.639999,137.809006,17134300,2017,2
77,2017-04-25,143.91000400000001,144.899994,143.869995,144.529999,138.662857,18871500,2017,2
78,2017-04-26,144.470001,144.600006,143.380005,143.679993,137.847351,20041200,2017,2
79,2017-04-27,143.919998,144.16000400000001,143.309998,143.78999299999998,137.952866,14246300,2017,2
80,2017-04-28,144.08999599999999,144.300003,143.270004,143.649994,137.818558,20860400,2017,2
81,2017-05-01,145.100006,147.199997,144.96000700000002,146.580002,140.629639,33602900,2017,2
82,2017-05-02,147.53999299999998,148.08999599999999,146.83999599999999,147.509995,141.521896,45352200,2017,2
83,2017-05-03,145.58999599999999,147.490005,144.270004,147.059998,141.090149,45697000,2017,2
84,2017-05-04,146.520004,147.139999,145.809998,146.529999,140.58165,23371900,2017,2
85,2017-05-05,146.759995,148.979996,146.759995,148.96000700000002,142.91301,27327700,2017,2
86,2017-05-08,149.029999,153.699997,149.029999,153.009995,146.79861499999998,48752400,2017,2
87,2017-05-09,153.869995,154.880005,153.449997,153.990005,147.7388,39130400,2017,2
88,2017-05-10,153.630005,153.940002,152.110001,153.259995,147.038467,25805700,2017,2
89,2017-05-11,152.449997,154.070007,152.309998,153.949997,148.31008899999998,27255100,2017,2
90,2017-05-12,154.699997,156.419998,154.669998,156.100006,150.381317,32527000,2017,2
91,2017-05-15,156.009995,156.649994,155.050003,155.699997,149.995987,26009700,2017,2
92,2017-05-16,155.940002,156.059998,154.720001,155.470001,149.77441399999998,20048500,2017,2
93,2017-05-17,153.600006,154.570007,149.71000700000002,150.25,144.74563600000002,50767700,2017,2
94,2017-05-18,151.270004,153.33999599999999,151.130005,152.53999299999998,146.951736,33568200,2017,2
95,2017-05-19,153.380005,153.979996,152.630005,153.059998,147.452682,26960800,2017,2
96,2017-05-22,154.0,154.580002,152.91000400000001,153.990005,148.348648,22966400,2017,2
97,2017-05-23,154.899994,154.899994,153.309998,153.800003,148.165573,19918900,2017,2
98,2017-05-24,153.83999599999999,154.169998,152.669998,153.33999599999999,147.722443,19178000,2017,2
99,2017-05-25,153.729996,154.350006,153.029999,153.869995,148.232986,19235600,2017,2
100,2017-05-26,154.0,154.240005,153.309998,153.610001,147.982559,21927600,2017,2
101,2017-05-30,153.419998,154.429993,153.330002,153.669998,148.040359,20126900,2017,2
102,2017-05-31,153.970001,154.169998,152.380005,152.759995,147.163681,24451200,2017,2
103,2017-06-01,153.169998,153.330002,152.220001,153.179993,147.568298,16404100,2017,2
104,2017-06-02,153.580002,155.449997,152.889999,155.449997,149.755157,27770700,2017,2
105,2017-06-05,154.33999599999999,154.449997,153.46000700000002,153.929993,148.290817,25331700,2017,2
106,2017-06-06,153.899994,155.809998,153.779999,154.449997,148.791779,26624900,2017,2
107,2017-06-07,155.020004,155.979996,154.479996,155.369995,149.67807,21069600,2017,2
108,2017-06-08,155.25,155.53999299999998,154.399994,154.990005,149.311996,21250800,2017,2
109,2017-06-09,155.190002,155.190002,146.020004,148.979996,143.522141,64882700,2017,2
110,2017-06-12,145.740005,146.08999599999999,142.509995,145.419998,140.09259,72307300,2017,2
111,2017-06-13,147.16000400000001,147.449997,145.149994,146.58999599999999,141.219742,34165400,2017,2
112,2017-06-14,147.5,147.5,143.83999599999999,145.16000400000001,139.84213300000002,31531200,2017,2
113,2017-06-15,143.320007,144.479996,142.21000700000002,144.28999299999998,139.003952,32165400,2017,2
114,2017-06-16,143.779999,144.5,142.199997,142.270004,137.057983,50361100,2017,2
115,2017-06-19,143.66000400000001,146.740005,143.66000400000001,146.33999599999999,140.978882,32541400,2017,2
116,2017-06-20,146.869995,146.869995,144.940002,145.009995,139.697601,24900100,2017,2
117,2017-06-21,145.520004,146.070007,144.610001,145.869995,140.526093,21265800,2017,2
118,2017-06-22,145.770004,146.699997,145.119995,145.630005,140.29492199999999,19106300,2017,2
119,2017-06-23,145.130005,147.16000400000001,145.110001,146.279999,140.921082,35439400,2017,2
120,2017-06-26,147.169998,148.279999,145.380005,145.820007,140.477951,25692400,2017,2
121,2017-06-27,145.009995,146.16000400000001,143.619995,143.729996,138.464493,24761900,2017,2
122,2017-06-28,144.490005,146.110001,143.16000400000001,145.830002,140.487579,22082400,2017,2
123,2017-06-29,144.71000700000002,145.130005,142.279999,143.679993,138.41632099999998,31499400,2017,2
124,2017-06-30,144.449997,144.96000700000002,143.779999,144.020004,138.743896,23024100,2017,2
125,2017-07-03,144.880005,145.300003,143.100006,143.5,138.242905,14277800,2017,3
126,2017-07-05,143.690002,144.78999299999998,142.720001,144.08999599999999,138.81131000000002,21569600,2017,3
127,2017-07-06,143.020004,143.5,142.41000400000001,142.729996,137.50114399999998,24128800,2017,3
128,2017-07-07,142.899994,144.75,142.899994,144.179993,138.89801,19201700,2017,3
129,2017-07-10,144.110001,145.949997,143.369995,145.059998,139.745758,21090600,2017,3
130,2017-07-11,144.729996,145.850006,144.380005,145.529999,140.198547,19781800,2017,3
131,2017-07-12,145.869995,146.179993,144.820007,145.740005,140.40086399999998,24884500,2017,3
132,2017-07-13,145.5,148.490005,145.440002,147.770004,142.35652199999998,25199400,2017,3
133,2017-07-14,147.970001,149.330002,147.330002,149.03999299999998,143.579956,20132100,2017,3
134,2017-07-17,148.820007,150.899994,148.570007,149.559998,144.08088700000002,23793500,2017,3
135,2017-07-18,149.199997,150.130005,148.669998,150.080002,144.58187900000001,17868800,2017,3
136,2017-07-19,150.479996,151.419998,149.949997,151.020004,145.487427,20923000,2017,3
137,2017-07-20,151.5,151.740005,150.190002,150.33999599999999,144.832336,17243700,2017,3
138,2017-07-21,149.990005,150.440002,148.880005,150.270004,144.76490800000002,26252600,2017,3
139,2017-07-24,150.580002,152.440002,149.899994,152.08999599999999,146.51825,21493200,2017,3
140,2017-07-25,151.800003,153.83999599999999,151.800003,152.740005,147.144424,18853900,2017,3
141,2017-07-26,153.350006,153.929993,153.059998,153.46000700000002,147.83805800000002,15781000,2017,3
142,2017-07-27,153.75,153.990005,147.300003,150.559998,145.044281,32476300,2017,3
143,2017-07-28,149.889999,150.229996,149.190002,149.5,144.02311699999998,17213700,2017,3
144,2017-07-31,149.899994,150.330002,148.130005,148.729996,143.28131100000002,19845900,2017,3
145,2017-08-01,149.100006,150.220001,148.41000400000001,150.050003,144.55296299999998,35368600,2017,3
146,2017-08-02,159.279999,159.75,156.16000400000001,157.139999,151.383224,69936800,2017,3
147,2017-08-03,157.050003,157.21000700000002,155.020004,155.570007,149.870743,27097300,2017,3
148,2017-08-04,156.070007,157.399994,155.690002,156.389999,150.660721,20559900,2017,3
149,2017-08-07,157.059998,158.919998,156.669998,158.809998,152.992065,21870300,2017,3
150,2017-08-08,158.600006,161.830002,158.270004,160.080002,154.21553,36205900,2017,3
151,2017-08-09,159.259995,161.270004,159.110001,161.059998,155.159607,26131500,2017,3
152,2017-08-10,159.899994,160.0,154.630005,155.320007,150.217499,40804300,2017,3
153,2017-08-11,156.600006,158.570007,156.070007,157.479996,152.306549,26257100,2017,3
154,2017-08-14,159.320007,160.21000700000002,158.75,159.850006,154.598694,22122700,2017,3
155,2017-08-15,160.66000400000001,162.199997,160.139999,161.600006,156.29118300000002,29465500,2017,3
156,2017-08-16,161.940002,162.509995,160.149994,160.949997,155.662521,27671600,2017,3
157,2017-08-17,160.520004,160.71000700000002,157.83999599999999,157.860001,152.674057,27940600,2017,3
158,2017-08-18,157.860001,159.5,156.720001,157.5,152.325897,27428100,2017,3
159,2017-08-21,157.5,157.889999,155.110001,157.21000700000002,152.045425,26368500,2017,3
160,2017-08-22,158.229996,160.0,158.020004,159.779999,154.530991,21604600,2017,3
161,2017-08-23,159.070007,160.470001,158.880005,159.979996,154.72439599999998,19399100,2017,3
162,2017-08-24,160.429993,160.740005,158.550003,159.270004,154.037735,19818900,2017,3
163,2017-08-25,159.649994,160.559998,159.270004,159.860001,154.608353,25480100,2017,3
164,2017-08-28,160.139999,162.0,159.929993,161.470001,156.165451,25966000,2017,3
165,2017-08-29,160.100006,163.119995,160.0,162.91000400000001,157.558167,29516900,2017,3
166,2017-08-30,163.800003,163.889999,162.610001,163.350006,157.98370400000002,27269600,2017,3
167,2017-08-31,163.639999,164.520004,163.479996,164.0,158.61235,26785100,2017,3
168,2017-09-01,164.800003,164.940002,163.630005,164.050003,158.660706,16591100,2017,3
169,2017-09-05,163.75,164.25,160.559998,162.080002,156.755432,29468500,2017,3
170,2017-09-06,162.71000700000002,162.990005,160.520004,161.91000400000001,156.59098799999998,21651700,2017,3
171,2017-09-07,162.08999599999999,162.240005,160.360001,161.259995,155.96234099999998,21928500,2017,3
172,2017-09-08,160.860001,161.149994,158.529999,158.630005,153.418777,28611500,2017,3
173,2017-09-11,160.5,162.050003,159.889999,161.5,156.19448899999998,31580800,2017,3
174,2017-09-12,162.610001,163.96000700000002,158.770004,160.860001,155.575516,71714000,2017,3
175,2017-09-13,159.869995,159.96000700000002,157.91000400000001,159.649994,154.405258,44907400,2017,3
176,2017-09-14,158.990005,159.399994,158.08999599999999,158.279999,153.080246,23760700,2017,3
177,2017-09-15,158.470001,160.970001,158.0,159.880005,154.627701,49114600,2017,3
178,2017-09-18,160.110001,160.5,158.0,158.669998,153.45744299999998,28269400,2017,3
179,2017-09-19,159.509995,159.770004,158.440002,158.729996,153.515472,20810600,2017,3
180,2017-09-20,157.899994,158.259995,153.830002,156.070007,150.942871,52951400,2017,3
181,2017-09-21,155.800003,155.800003,152.75,153.389999,148.350891,37511700,2017,3
182,2017-09-22,151.53999299999998,152.270004,150.559998,151.889999,146.900177,46645400,2017,3
183,2017-09-25,149.990005,151.830002,149.16000400000001,150.550003,145.60420200000002,44387300,2017,3
184,2017-09-26,151.779999,153.919998,151.690002,153.139999,148.109116,36660000,2017,3
185,2017-09-27,153.800003,154.720001,153.53999299999998,154.229996,149.1633,25504200,2017,3
186,2017-09-28,153.889999,154.279999,152.699997,153.279999,148.244507,22005500,2017,3
187,2017-09-29,153.21000700000002,154.130005,152.0,154.119995,149.0569,26299800,2017,3
188,2017-10-02,154.259995,154.449997,152.720001,153.809998,148.757111,18698800,2017,4
189,2017-10-03,154.009995,155.08999599999999,153.91000400000001,154.479996,149.40510600000002,16230300,2017,4
190,2017-10-04,153.630005,153.860001,152.46000700000002,153.479996,148.437958,20163800,2017,4
191,2017-10-05,154.179993,155.440002,154.050003,155.389999,150.285172,21283800,2017,4
192,2017-10-06,154.970001,155.490005,154.559998,155.300003,150.198135,17407600,2017,4
193,2017-10-09,155.809998,156.729996,155.490005,155.83999599999999,150.720398,16262900,2017,4
194,2017-10-10,156.059998,158.0,155.100006,155.899994,150.778427,15617000,2017,4
195,2017-10-11,155.970001,156.979996,155.75,156.550003,151.407104,16905600,2017,4
196,2017-10-12,156.350006,157.369995,155.729996,156.0,150.875168,16125100,2017,4
197,2017-10-13,156.729996,157.279999,156.41000400000001,156.990005,151.832642,16394200,2017,4
198,2017-10-16,157.899994,160.0,157.649994,159.880005,154.627701,24121500,2017,4
199,2017-10-17,159.779999,160.869995,159.229996,160.470001,155.198318,18997300,2017,4
200,2017-10-18,160.419998,160.71000700000002,159.600006,159.759995,154.511642,16374200,2017,4
201,2017-10-19,156.75,157.080002,155.020004,155.979996,150.855804,42584200,2017,4
202,2017-10-20,156.610001,157.75,155.96000700000002,156.25,151.116959,23974100,2017,4
203,2017-10-23,156.889999,157.690002,155.5,156.169998,151.039581,21984300,2017,4
204,2017-10-24,156.28999299999998,157.419998,156.199997,157.100006,151.93901100000002,17757200,2017,4
205,2017-10-25,156.91000400000001,157.550003,155.270004,156.41000400000001,151.271683,21207100,2017,4
206,2017-10-26,157.229996,157.830002,156.779999,157.41000400000001,152.238815,17000500,2017,4
207,2017-10-27,159.28999299999998,163.600006,158.699997,163.050003,157.69354199999998,44454200,2017,4
208,2017-10-30,163.889999,168.070007,163.720001,166.720001,161.242996,44700800,2017,4
209,2017-10-31,167.899994,169.649994,166.940002,169.03999299999998,163.48675500000002,36046800,2017,4
210,2017-11-01,169.869995,169.940002,165.610001,166.889999,161.40739399999998,33637800,2017,4
211,2017-11-02,166.600006,168.5,165.279999,168.110001,162.587326,41393400,2017,4
212,2017-11-03,174.0,174.259995,171.119995,172.5,166.833115,59398600,2017,4
213,2017-11-06,172.369995,174.990005,171.720001,174.25,168.52562,35026300,2017,4
214,2017-11-07,173.91000400000001,175.25,173.600006,174.809998,169.067215,24361500,2017,4
215,2017-11-08,174.66000400000001,176.240005,174.330002,176.240005,170.450256,24409500,2017,4
216,2017-11-09,175.110001,176.100006,173.139999,175.880005,170.102097,29482600,2017,4
217,2017-11-10,175.110001,175.380005,174.270004,174.669998,169.53909299999998,25145500,2017,4
218,2017-11-13,173.5,174.5,173.399994,173.970001,168.85966499999998,16982100,2017,4
219,2017-11-14,173.03999299999998,173.479996,171.179993,171.33999599999999,166.3069,24782500,2017,4
220,2017-11-15,169.970001,170.320007,168.380005,169.080002,164.113281,29158100,2017,4
221,2017-11-16,171.179993,171.869995,170.300003,171.100006,166.073975,23637500,2017,4
222,2017-11-17,171.03999299999998,171.389999,169.639999,170.149994,165.151871,21899500,2017,4
223,2017-11-20,170.28999299999998,170.559998,169.559998,169.979996,164.98689299999998,16262400,2017,4
224,2017-11-21,170.779999,173.699997,170.779999,173.139999,168.054031,25131300,2017,4
225,2017-11-22,173.360001,175.0,173.050003,174.96000700000002,169.82058700000002,25588900,2017,4
226,2017-11-24,175.100006,175.5,174.649994,174.970001,169.830307,14026700,2017,4
227,2017-11-27,175.050003,175.080002,173.33999599999999,174.08999599999999,168.976135,20716800,2017,4
228,2017-11-28,174.300003,174.869995,171.860001,173.070007,167.986099,26428800,2017,4
229,2017-11-29,172.630005,172.919998,167.16000400000001,169.479996,164.501587,41666400,2017,4
230,2017-11-30,170.429993,172.139999,168.440002,171.850006,166.80195600000002,41527200,2017,4
231,2017-12-01,169.949997,171.669998,168.5,171.050003,166.025436,39759300,2017,4
232,2017-12-04,172.479996,172.619995,169.630005,169.800003,164.81213400000001,32542400,2017,4
233,2017-12-05,169.059998,171.520004,168.399994,169.639999,164.656845,27350200,2017,4
234,2017-12-06,167.5,170.199997,166.46000700000002,169.009995,164.04538,28560000,2017,4
235,2017-12-07,169.029999,170.440002,168.91000400000001,169.320007,164.346298,25673300,2017,4
236,2017-12-08,170.490005,171.0,168.820007,169.369995,164.394775,23355200,2017,4
237,2017-12-11,169.199997,172.889999,168.78999299999998,172.669998,167.597855,35273800,2017,4
238,2017-12-12,172.149994,172.389999,171.46000700000002,171.699997,166.656357,19409200,2017,4
239,2017-12-13,172.5,173.53999299999998,172.0,172.270004,167.20961,23818400,2017,4
240,2017-12-14,172.399994,173.130005,171.649994,172.220001,167.161057,20476500,2017,4
241,2017-12-15,173.630005,174.169998,172.46000700000002,173.970001,168.85966499999998,40169300,2017,4
242,2017-12-18,174.880005,177.199997,174.860001,176.419998,171.237717,29421100,2017,4
243,2017-12-19,175.029999,175.389999,174.08999599999999,174.53999299999998,169.412903,27436400,2017,4
244,2017-12-20,174.869995,175.419998,173.25,174.350006,169.2285,23475600,2017,4
245,2017-12-21,174.169998,176.020004,174.100006,175.009995,169.86911,20949900,2017,4
246,2017-12-22,174.679993,175.419998,174.5,175.009995,169.86911,16349400,2017,4
247,2017-12-26,170.800003,171.470001,169.679993,170.570007,165.55955500000002,33185500,2017,4
248,2017-12-27,170.100006,170.779999,169.71000700000002,170.600006,165.58866899999998,21498200,2017,4
249,2017-12-28,171.0,171.850006,170.479996,171.080002,166.054581,16480200,2017,4
250,2017-12-29,170.520004,170.58999599999999,169.220001,169.229996,164.258896,25999900,2017,4
251,2018-01-02,170.16000400000001,172.300003,169.259995,172.259995,167.19988999999998,25555900,2018,1
252,2018-01-03,172.529999,174.550003,171.96000700000002,172.229996,167.170776,29517900,2018,1
253,2018-01-04,172.53999299999998,173.470001,172.080002,173.029999,167.94726599999998,22434600,2018,1
254,2018-01-05,173.440002,175.369995,173.050003,175.0,169.859406,23660000,2018,1
255,2018-01-08,174.350006,175.610001,173.929993,174.350006,169.2285,20567800,2018,1
256,2018-01-09,174.550003,175.059998,173.41000400000001,174.330002,169.209091,21584000,2018,1
257,2018-01-10,173.16000400000001,174.300003,173.0,174.28999299999998,169.17025800000002,23959900,2018,1
258,2018-01-11,174.58999599999999,175.490005,174.490005,175.279999,170.13118,18667700,2018,1
259,2018-01-12,176.179993,177.360001,175.649994,177.08999599999999,171.888031,25418100,2018,1
260,2018-01-16,177.899994,179.389999,176.139999,176.190002,171.014465,29565900,2018,1
261,2018-01-17,176.149994,179.25,175.070007,179.100006,173.83900500000001,34386800,2018,1
262,2018-01-18,179.369995,180.100006,178.25,179.259995,173.994293,31193400,2018,1
263,2018-01-19,178.610001,179.580002,177.41000400000001,178.46000700000002,173.21778899999998,32425100,2018,1
264,2018-01-22,177.300003,177.779999,176.600006,177.0,171.800674,27108600,2018,1
265,2018-01-23,177.300003,179.440002,176.820007,177.03999299999998,171.839493,32689100,2018,1
266,2018-01-24,177.25,177.300003,173.199997,174.220001,169.102325,51105100,2018,1
267,2018-01-25,174.509995,174.949997,170.529999,171.110001,166.08367900000002,41529000,2018,1
268,2018-01-26,172.0,172.0,170.059998,171.509995,166.471924,39143000,2018,1
269,2018-01-29,170.16000400000001,170.16000400000001,167.070007,167.96000700000002,163.02621499999998,50640400,2018,1
270,2018-01-30,165.529999,167.369995,164.699997,166.970001,162.065277,46048200,2018,1
271,2018-01-31,166.869995,168.440002,166.5,167.429993,162.51178000000002,32478900,2018,1
272,2018-02-01,167.169998,168.619995,166.759995,167.779999,162.85148600000002,47230800,2018,1
273,2018-02-02,166.0,166.800003,160.100006,160.5,155.78537,86593800,2018,1
274,2018-02-05,159.100006,163.880005,156.0,156.490005,151.893127,72738500,2018,1
275,2018-02-06,154.830002,163.720001,154.0,163.029999,158.24101299999998,68243800,2018,1
276,2018-02-07,163.08999599999999,163.399994,159.070007,159.53999299999998,154.853531,51608600,2018,1
277,2018-02-08,160.28999299999998,161.0,155.029999,155.149994,150.592499,54390500,2018,1
278,2018-02-09,157.070007,157.889999,150.240005,156.41000400000001,152.434464,70672600,2018,1
279,2018-02-12,158.5,163.889999,157.509995,162.71000700000002,158.574326,60819500,2018,1
280,2018-02-13,161.949997,164.75,161.649994,164.33999599999999,160.162903,32549200,2018,1
281,2018-02-14,163.03999299999998,167.53999299999998,162.880005,167.369995,163.115891,40644900,2018,1
282,2018-02-15,169.78999299999998,173.08999599999999,169.0,172.990005,168.59303300000002,51147200,2018,1
283,2018-02-16,172.360001,174.820007,171.770004,172.429993,168.047272,40176100,2018,1
284,2018-02-20,172.050003,174.259995,171.419998,171.850006,167.482025,33930500,2018,1
285,2018-02-21,172.830002,174.119995,171.009995,171.070007,166.721848,37471600,2018,1
286,2018-02-22,171.800003,173.949997,171.71000700000002,172.5,168.115509,30991900,2018,1
287,2018-02-23,173.669998,175.649994,173.53999299999998,175.5,171.039246,33812400,2018,1
288,2018-02-26,176.350006,179.389999,176.21000700000002,178.970001,174.42103600000002,38162200,2018,1
289,2018-02-27,179.100006,180.479996,178.16000400000001,178.389999,173.855804,38928100,2018,1
290,2018-02-28,179.259995,180.619995,178.050003,178.119995,173.592667,37782100,2018,1
291,2018-03-01,178.53999299999998,179.779999,172.66000400000001,175.0,170.551941,48802000,2018,1
292,2018-03-02,172.800003,176.300003,172.449997,176.21000700000002,171.731186,38454000,2018,1
293,2018-03-05,175.21000700000002,177.740005,174.520004,176.820007,172.32571399999998,28401400,2018,1
294,2018-03-06,177.91000400000001,178.25,176.130005,176.669998,172.179504,23788500,2018,1
295,2018-03-07,174.940002,175.850006,174.270004,175.029999,170.581207,31703500,2018,1
296,2018-03-08,175.479996,177.119995,175.070007,176.940002,172.442642,23774100,2018,1
297,2018-03-09,177.96000700000002,180.0,177.389999,179.979996,175.405365,32185200,2018,1
298,2018-03-12,180.28999299999998,182.389999,180.21000700000002,181.720001,177.101135,32207100,2018,1
299,2018-03-13,182.58999599999999,183.5,179.240005,179.970001,175.39563,31693500,2018,1
300,2018-03-14,180.320007,180.520004,177.809998,178.440002,173.904495,29368400,2018,1
301,2018-03-15,178.5,180.240005,178.070007,178.649994,174.109161,22743800,2018,1
302,2018-03-16,178.649994,179.119995,177.619995,178.020004,173.495193,39404700,2018,1
303,2018-03-19,177.320007,177.470001,173.66000400000001,175.300003,170.844345,33446800,2018,1
304,2018-03-20,175.240005,176.800003,174.940002,175.240005,170.78585800000002,19649400,2018,1
305,2018-03-21,175.03999299999998,175.08999599999999,171.259995,171.270004,166.91674799999998,37054900,2018,1
306,2018-03-22,170.0,172.679993,168.600006,168.850006,164.55827299999999,41490800,2018,1
307,2018-03-23,168.389999,169.919998,164.940002,164.940002,160.747635,41028800,2018,1
308,2018-03-26,168.070007,173.100006,166.440002,172.770004,168.37866200000002,37541200,2018,1
309,2018-03-27,173.679993,175.149994,166.919998,168.33999599999999,164.061218,40922600,2018,1
310,2018-03-28,167.25,170.020004,165.190002,166.479996,162.24851999999998,41668500,2018,1
311,2018-03-29,167.809998,171.75,166.899994,167.779999,163.515457,38398500,2018,1
312,2018-04-02,166.639999,168.940002,164.470001,166.679993,162.44342,37586800,2018,2
313,2018-04-03,167.639999,168.75,164.880005,168.389999,164.10997,30278000,2018,2
314,2018-04-04,164.880005,172.009995,164.770004,171.610001,167.248123,34605500,2018,2
315,2018-04-05,172.580002,174.229996,172.080002,172.800003,168.40786699999998,26933200,2018,2
316,2018-04-06,170.970001,172.479996,168.199997,168.380005,164.100235,35005300,2018,2
317,2018-04-09,169.880005,173.08999599999999,169.850006,170.050003,165.72778300000002,29017700,2018,2
318,2018-04-10,173.0,174.0,171.529999,173.25,168.846451,28408600,2018,2
319,2018-04-11,172.229996,173.919998,171.699997,172.440002,168.057022,22431600,2018,2
320,2018-04-12,173.41000400000001,175.0,173.03999299999998,174.139999,169.713821,22889300,2018,2
321,2018-04-13,174.779999,175.83999599999999,173.850006,174.729996,170.288803,25124300,2018,2
322,2018-04-16,175.029999,176.190002,174.830002,175.820007,171.35112,21578400,2018,2
323,2018-04-17,176.490005,178.940002,176.41000400000001,178.240005,173.709595,26605400,2018,2
324,2018-04-18,177.809998,178.820007,176.880005,177.83999599999999,173.319763,20754500,2018,2
325,2018-04-19,173.759995,175.389999,172.66000400000001,172.800003,168.40786699999998,34808800,2018,2
326,2018-04-20,170.600006,171.220001,165.429993,165.720001,161.507813,65491100,2018,2
327,2018-04-23,166.830002,166.919998,164.08999599999999,165.240005,161.04003899999998,36515500,2018,2
328,2018-04-24,165.669998,166.330002,161.220001,162.940002,158.79849199999998,33692000,2018,2
329,2018-04-25,162.619995,165.419998,162.41000400000001,163.649994,159.490433,28382100,2018,2
330,2018-04-26,164.119995,165.729996,163.369995,164.220001,160.045959,27963000,2018,2
331,2018-04-27,164.0,164.330002,160.630005,162.320007,158.194244,35655800,2018,2
332,2018-04-30,162.130005,167.259995,161.83999599999999,165.259995,161.05950900000002,42427400,2018,2
333,2018-05-01,166.41000400000001,169.199997,165.270004,169.100006,164.801895,53569400,2018,2
334,2018-05-02,175.229996,177.75,173.800003,176.570007,172.082062,66539400,2018,2
335,2018-05-03,175.880005,177.5,174.440002,176.889999,172.39390600000002,34068200,2018,2
336,2018-05-04,178.25,184.25,178.169998,183.830002,179.157516,56201300,2018,2
337,2018-05-07,185.179993,187.669998,184.75,185.16000400000001,180.45372,42451400,2018,2
338,2018-05-08,184.990005,186.220001,183.669998,186.050003,181.321091,28402800,2018,2
339,2018-05-09,186.550003,187.399994,185.220001,187.360001,182.597794,23211200,2018,2
340,2018-05-10,187.740005,190.369995,187.649994,190.03999299999998,185.209671,27989300,2018,2
341,2018-05-11,189.490005,190.059998,187.449997,188.58999599999999,184.50526399999998,26212200,2018,2
342,2018-05-14,189.009995,189.529999,187.860001,188.149994,184.074799,20778800,2018,2
343,2018-05-15,186.779999,187.070007,185.100006,186.440002,182.40184,23695200,2018,2
344,2018-05-16,186.070007,188.46000700000002,186.0,188.179993,184.104141,19183100,2018,2
345,2018-05-17,188.0,188.91000400000001,186.360001,186.990005,182.939926,17294000,2018,2
346,2018-05-18,187.190002,187.809998,186.130005,186.309998,182.274643,18297700,2018,2
347,2018-05-21,188.0,189.270004,186.91000400000001,187.630005,183.566071,18400800,2018,2
348,2018-05-22,188.380005,188.880005,186.779999,187.16000400000001,183.106216,15240700,2018,2
349,2018-05-23,186.350006,188.5,185.759995,188.360001,184.280273,20058400,2018,2
350,2018-05-24,188.770004,188.83999599999999,186.21000700000002,188.149994,184.074799,23234000,2018,2
351,2018-05-25,188.229996,189.649994,187.649994,188.580002,184.495499,17461000,2018,2
352,2018-05-29,187.600006,188.75,186.869995,187.899994,183.830231,22514100,2018,2
353,2018-05-30,187.720001,188.0,186.779999,187.5,183.438889,18690500,2018,2
354,2018-05-31,187.220001,188.229996,186.139999,186.869995,182.82251000000002,27482800,2018,2
355,2018-06-01,187.990005,190.259995,187.75,190.240005,186.119507,23442500,2018,2
356,2018-06-04,191.639999,193.419998,191.350006,191.830002,187.675095,26266200,2018,2
357,2018-06-05,193.070007,193.940002,192.360001,193.309998,189.123032,21566000,2018,2
358,2018-06-06,193.630005,194.080002,191.919998,193.979996,189.778519,20933600,2018,2
359,2018-06-07,194.139999,194.199997,192.33999599999999,193.46000700000002,189.26980600000002,21347200,2018,2
360,2018-06-08,191.169998,192.0,189.770004,191.699997,187.547913,26656800,2018,2
361,2018-06-11,191.350006,191.970001,190.21000700000002,191.229996,187.088089,18308500,2018,2
362,2018-06-12,191.389999,192.610001,191.149994,192.279999,188.115341,16911100,2018,2
363,2018-06-13,192.419998,192.880005,190.440002,190.699997,186.56956499999998,21638400,2018,2
364,2018-06-14,191.550003,191.570007,190.220001,190.800003,186.667404,21610100,2018,2
365,2018-06-15,190.029999,190.16000400000001,188.259995,188.83999599999999,184.74986299999998,61719200,2018,2
366,2018-06-18,187.880005,189.220001,187.199997,188.740005,184.652008,18484900,2018,2
367,2018-06-19,185.139999,186.330002,183.449997,185.690002,181.668076,33578500,2018,2
368,2018-06-20,186.350006,187.199997,185.729996,186.5,182.46054099999998,20628700,2018,2
369,2018-06-21,187.25,188.350006,184.940002,185.46000700000002,181.443069,25711900,2018,2
370,2018-06-22,186.119995,186.149994,184.699997,184.919998,180.914749,27200400,2018,2
371,2018-06-25,183.399994,184.919998,180.729996,182.169998,178.22430400000002,31663100,2018,2
372,2018-06-26,182.990005,186.529999,182.53999299999998,184.429993,180.435379,24569200,2018,2
373,2018-06-27,185.229996,187.279999,184.029999,184.16000400000001,180.171219,25285300,2018,2
374,2018-06-28,184.100006,186.21000700000002,183.800003,185.5,181.482208,17365200,2018,2
375,2018-06-29,186.28999299999998,187.190002,182.91000400000001,185.110001,181.100647,22737700,2018,2
376,2018-07-02,183.820007,187.300003,183.419998,187.179993,183.125809,17731300,2018,3
377,2018-07-03,187.78999299999998,187.949997,183.53999299999998,183.919998,179.936417,13954800,2018,3
378,2018-07-05,185.259995,186.41000400000001,184.279999,185.399994,181.384354,16604200,2018,3
379,2018-07-06,185.419998,188.429993,185.199997,187.970001,183.898682,17485200,2018,3
380,2018-07-09,189.5,190.679993,189.300003,190.580002,186.45216399999998,19756600,2018,3
381,2018-07-10,190.71000700000002,191.279999,190.179993,190.350006,186.227173,15939100,2018,3
382,2018-07-11,188.5,189.779999,187.610001,187.880005,183.81063799999998,18831500,2018,3
383,2018-07-12,189.529999,191.41000400000001,189.309998,191.029999,186.89241,18041100,2018,3
384,2018-07-13,191.080002,191.83999599999999,190.899994,191.330002,187.185898,12513900,2018,3
385,2018-07-16,191.520004,192.649994,190.419998,190.91000400000001,186.775024,15043100,2018,3
386,2018-07-17,189.75,191.869995,189.199997,191.449997,187.303299,15534500,2018,3
387,2018-07-18,191.779999,191.800003,189.929993,190.399994,186.276047,16393400,2018,3
388,2018-07-19,189.690002,192.550003,189.690002,191.880005,187.72403,20286800,2018,3
389,2018-07-20,191.779999,192.429993,190.169998,191.440002,187.293564,20676200,2018,3
390,2018-07-23,190.679993,191.96000700000002,189.559998,191.610001,187.459839,15989400,2018,3
391,2018-07-24,192.449997,193.66000400000001,192.050003,193.0,188.819748,18697900,2018,3
392,2018-07-25,193.059998,194.850006,192.429993,194.820007,190.60034199999998,16709900,2018,3
393,2018-07-26,194.610001,195.96000700000002,193.610001,194.21000700000002,190.00354,19076000,2018,3
394,2018-07-27,194.990005,195.190002,190.100006,190.979996,186.843521,24024000,2018,3
395,2018-07-30,191.899994,192.199997,189.070007,189.91000400000001,185.796677,21029500,2018,3
396,2018-07-31,190.300003,192.139999,189.33999599999999,190.28999299999998,186.168427,39373000,2018,3
397,2018-08-01,199.130005,201.759995,197.309998,201.5,197.135651,67935700,2018,3
398,2018-08-02,200.580002,208.380005,200.350006,207.389999,202.898071,62404000,2018,3
399,2018-08-03,207.029999,208.740005,205.479996,207.990005,203.485062,33447400,2018,3
400,2018-08-06,208.0,209.25,207.070007,209.070007,204.541672,25425400,2018,3
401,2018-08-07,209.320007,209.5,206.759995,207.110001,202.62413,25587400,2018,3
402,2018-08-08,206.050003,207.809998,204.520004,207.25,202.761124,22525500,2018,3
403,2018-08-09,209.529999,209.77999900000003,207.199997,208.880005,204.355804,23492600,2018,3
404,2018-08-10,207.360001,209.100006,206.669998,207.529999,203.74710100000001,24611200,2018,3
405,2018-08-13,209.309998,210.94999700000002,207.699997,208.869995,205.062668,25890900,2018,3
406,2018-08-14,210.16000400000001,210.559998,208.259995,209.75,205.92666599999998,20748000,2018,3
407,2018-08-15,209.220001,210.74000499999997,208.330002,210.24000499999997,206.407715,28807600,2018,3
408,2018-08-16,211.75,213.809998,211.47000099999997,213.32000699999998,209.43158,28500400,2018,3
409,2018-08-17,213.440002,217.94999700000002,213.16000400000001,217.580002,213.613892,35427000,2018,3
410,2018-08-20,218.100006,219.17999300000002,215.11000099999998,215.460007,211.532562,30287700,2018,3
411,2018-08-21,216.80000299999998,217.190002,214.02999900000003,215.039993,211.120209,26159800,2018,3
412,2018-08-22,214.100006,216.36000099999998,213.83999599999999,215.05000299999998,211.13003500000002,19018100,2018,3
413,2018-08-23,214.649994,217.05000299999998,214.600006,215.49000499999997,211.562012,18883200,2018,3
414,2018-08-24,216.600006,216.899994,215.11000099999998,216.16000400000001,212.21980299999998,18476400,2018,3
415,2018-08-27,217.149994,218.74000499999997,216.330002,217.940002,213.967346,20525100,2018,3
416,2018-08-28,219.00999500000003,220.539993,218.919998,219.69999700000002,215.695267,22776800,2018,3
417,2018-08-29,220.149994,223.49000499999997,219.41000400000001,222.979996,218.915482,27254800,2018,3
418,2018-08-30,223.25,228.25999500000003,222.399994,225.02999900000003,220.92810099999997,48793800,2018,3
419,2018-08-31,226.50999500000003,228.86999500000002,226.0,227.63000499999998,223.48071299999998,43340100,2018,3
420,2018-09-04,228.41000400000001,229.17999300000002,226.63000499999998,228.36000099999998,224.19741800000003,27390100,2018,3
421,2018-09-05,228.99000499999997,229.669998,225.100006,226.86999500000002,222.734589,33333000,2018,3
422,2018-09-06,226.229996,227.350006,221.30000299999998,223.100006,219.03331,34290000,2018,3
423,2018-09-07,221.850006,225.36999500000002,220.710007,221.30000299999998,217.266113,37619800,2018,3
424,2018-09-10,220.94999700000002,221.850006,216.47000099999997,218.330002,214.350235,39516500,2018,3
425,2018-09-11,218.00999500000003,224.30000299999998,216.559998,223.850006,219.769638,35749000,2018,3
426,2018-09-12,224.940002,225.0,219.83999599999999,221.07000699999998,217.040298,49278700,2018,3
427,2018-09-13,223.520004,228.350006,222.57000699999998,226.41000400000001,222.28295899999998,41706400,2018,3
428,2018-09-14,225.75,226.83999599999999,222.520004,223.83999599999999,219.75981099999998,31999300,2018,3
429,2018-09-17,222.149994,222.94999700000002,217.270004,217.88000499999998,213.90844700000002,37195100,2018,3
430,2018-09-18,217.789993,221.850006,217.11999500000002,218.24000499999997,214.261887,31571700,2018,3
431,2018-09-19,218.5,219.61999500000002,215.30000299999998,218.36999500000002,214.389496,27123800,2018,3
432,2018-09-20,220.24000499999997,222.27999900000003,219.149994,220.02999900000003,216.01927200000003,26608800,2018,3
433,2018-09-21,220.77999900000003,221.36000099999998,217.289993,217.66000400000001,213.69245899999999,96246700,2018,3
434,2018-09-24,216.82000699999998,221.25999500000003,216.63000499999998,220.789993,216.765396,27693400,2018,3
435,2018-09-25,219.75,222.82000699999998,219.69999700000002,222.190002,218.139877,24554400,2018,3
436,2018-09-26,221.0,223.75,219.75999500000003,220.419998,216.40214500000002,23984700,2018,3
437,2018-09-27,223.82000699999998,226.440002,223.539993,224.94999700000002,220.849579,30181200,2018,3
438,2018-09-28,224.789993,225.83999599999999,224.020004,225.74000499999997,221.62516800000003,22929400,2018,3
439,2018-10-01,227.94999700000002,229.419998,226.350006,227.25999500000003,223.11746200000002,23600800,2018,4
440,2018-10-02,227.25,230.0,226.63000499999998,229.27999900000003,225.100647,24788200,2018,4
441,2018-10-03,230.05000299999998,233.47000099999997,229.77999900000003,232.07000699999998,227.839798,28654800,2018,4
442,2018-10-04,230.77999900000003,232.350006,226.729996,227.99000499999997,223.83416699999998,32042000,2018,4
443,2018-10-05,227.960007,228.41000400000001,220.580002,224.289993,220.20159900000002,33580500,2018,4
444,2018-10-08,222.210007,224.80000299999998,220.19999700000002,223.770004,219.69110099999997,29663900,2018,4
445,2018-10-09,223.63999900000002,227.270004,222.25,226.86999500000002,222.734589,26891000,2018,4
446,2018-10-10,225.460007,226.350006,216.05000299999998,216.36000099999998,212.41615299999998,41990600,2018,4
447,2018-10-11,214.520004,219.5,212.32000699999998,214.44999700000002,210.54097000000002,53124400,2018,4
448,2018-10-12,220.419998,222.88000499999998,216.83999599999999,222.11000099999998,218.06134,40337900,2018,4
449,2018-10-15,221.16000400000001,221.830002,217.270004,217.36000099999998,213.397919,30791000,2018,4
450,2018-10-16,218.92999300000002,222.99000499999997,216.75999500000003,222.149994,218.10060099999998,29184000,2018,4
451,2018-10-17,222.30000299999998,222.63999900000002,219.33999599999999,221.190002,217.15811200000002,22885400,2018,4
452,2018-10-18,217.86000099999998,219.74000499999997,213.0,216.020004,212.08235200000001,32581300,2018,4
453,2018-10-19,218.059998,221.25999500000003,217.42999300000002,219.309998,215.31236299999998,33078700,2018,4
454,2018-10-22,219.789993,223.36000099999998,218.940002,220.649994,216.627945,28792100,2018,4
455,2018-10-23,215.830002,223.25,214.69999700000002,222.729996,218.670029,38767800,2018,4
456,2018-10-24,222.600006,224.229996,214.539993,215.08999599999999,211.169296,40925500,2018,4
457,2018-10-25,217.710007,221.38000499999998,216.75,219.80000299999998,215.793457,29855800,2018,4
458,2018-10-26,215.899994,220.190002,212.669998,216.30000299999998,212.35723900000002,47258400,2018,4
459,2018-10-29,219.190002,219.690002,206.08999599999999,212.24000499999997,208.371262,45935500,2018,4
460,2018-10-30,211.149994,215.17999300000002,209.270004,213.30000299999998,209.411926,36660000,2018,4
461,2018-10-31,216.88000499999998,220.44999700000002,216.61999500000002,218.86000099999998,214.87059,38358900,2018,4
462,2018-11-01,219.05000299999998,222.36000099999998,216.809998,222.22000099999997,218.169342,58323200,2018,4
463,2018-11-02,209.550003,213.649994,205.429993,207.479996,203.69799799999998,91328700,2018,4
464,2018-11-05,204.300003,204.389999,198.169998,201.58999599999999,197.915375,66163700,2018,4
465,2018-11-06,201.919998,204.720001,201.690002,203.770004,200.055649,31882900,2018,4
466,2018-11-07,205.970001,210.059998,204.130005,209.94999700000002,206.122986,33424400,2018,4
467,2018-11-08,209.979996,210.11999500000002,206.75,208.490005,205.403809,25362600,2018,4
468,2018-11-09,205.550003,206.009995,202.25,204.470001,201.443298,34365800,2018,4
469,2018-11-12,199.0,199.850006,193.78999299999998,194.169998,191.295761,51135500,2018,4
470,2018-11-13,191.630005,197.179993,191.449997,192.229996,189.384476,46882900,2018,4
471,2018-11-14,193.899994,194.479996,185.929993,186.800003,184.034882,60801000,2018,4
472,2018-11-15,188.389999,191.970001,186.899994,191.41000400000001,188.57663,46478800,2018,4
473,2018-11-16,190.5,194.970001,189.46000700000002,193.529999,190.66523700000002,36928300,2018,4
474,2018-11-19,190.0,190.699997,184.990005,185.860001,183.10878,41925300,2018,4
475,2018-11-20,178.369995,181.470001,175.509995,176.979996,174.360245,67825200,2018,4
476,2018-11-21,179.729996,180.270004,176.550003,176.779999,174.163193,31124200,2018,4
477,2018-11-23,174.940002,176.600006,172.100006,172.28999299999998,169.739655,23624000,2018,4
478,2018-11-26,174.240005,174.949997,170.259995,174.619995,172.035172,44998500,2018,4
479,2018-11-27,171.509995,174.770004,170.880005,174.240005,171.660797,41387400,2018,4
480,2018-11-28,176.729996,181.28999299999998,174.929993,180.940002,178.261627,46062500,2018,4
481,2018-11-29,182.66000400000001,182.800003,177.699997,179.550003,176.892197,41770000,2018,4
482,2018-11-30,180.28999299999998,180.330002,177.029999,178.580002,175.936554,39531500,2018,4
483,2018-12-03,184.46000700000002,184.940002,181.21000700000002,184.820007,182.084183,40802500,2018,4
484,2018-12-04,180.949997,182.389999,176.270004,176.690002,174.074539,41344300,2018,4
485,2018-12-06,171.759995,174.779999,170.419998,174.720001,172.133682,43098400,2018,4
486,2018-12-07,173.490005,174.490005,168.300003,168.490005,165.995926,42281600,2018,4
487,2018-12-10,165.0,170.08999599999999,163.330002,169.600006,167.089478,62026000,2018,4
488,2018-12-11,171.66000400000001,171.78999299999998,167.0,168.630005,166.13385,47281700,2018,4
489,2018-12-12,170.399994,171.919998,169.020004,169.100006,166.596878,35627700,2018,4
490,2018-12-13,170.490005,172.570007,169.550003,170.949997,168.419479,31898600,2018,4
491,2018-12-14,169.0,169.080002,165.279999,165.479996,163.030457,40703700,2018,4
492,2018-12-17,165.449997,168.350006,162.729996,163.940002,161.51326,44287900,2018,4
493,2018-12-18,165.380005,167.529999,164.389999,166.070007,163.61174,33841500,2018,4
494,2018-12-19,166.0,167.449997,159.08999599999999,160.889999,158.508408,49047300,2018,4
495,2018-12-20,160.399994,162.110001,155.300003,156.830002,154.508499,64773000,2018,4
496,2018-12-21,156.860001,158.16000400000001,149.630005,150.729996,148.498795,95744600,2018,4
497,2018-12-24,148.149994,151.550003,146.58999599999999,146.830002,144.65653999999998,37169200,2018,4
498,2018-12-26,148.300003,157.229996,146.720001,157.169998,154.843475,58582500,2018,4
499,2018-12-27,155.83999599999999,156.770004,150.070007,156.149994,153.83856200000002,53117100,2018,4
500,2018-12-28,157.5,158.520004,154.550003,156.229996,153.917389,42291400,2018,4
501,2018-12-31,158.529999,159.360001,156.479996,157.740005,155.405045,35003500,2018,4
502,2019-01-02,154.889999,158.850006,154.229996,157.919998,155.582367,37039700,2019,1
503,2019-01-03,143.979996,145.720001,142.0,142.190002,140.08522,91312200,2019,1
504,2019-01-04,144.529999,148.550003,143.800003,148.259995,146.06535300000002,58607100,2019,1
505,2019-01-07,148.699997,148.830002,145.899994,147.929993,145.740265,54777800,2019,1
506,2019-01-08,149.559998,151.820007,148.520004,150.75,148.518509,41025300,2019,1
507,2019-01-09,151.28999299999998,154.529999,149.630005,153.309998,151.040604,45099100,2019,1
508,2019-01-10,152.5,153.970001,150.860001,153.800003,151.523376,35780700,2019,1
509,2019-01-11,152.880005,153.699997,151.509995,152.28999299999998,150.035706,27023200,2019,1
510,2019-01-14,150.850006,151.270004,149.220001,150.0,147.779602,32439200,2019,1
511,2019-01-15,150.270004,153.389999,150.050003,153.070007,150.804169,28710900,2019,1
512,2019-01-16,153.080002,155.880005,153.0,154.940002,152.64648400000002,30569700,2019,1
513,2019-01-17,154.199997,157.66000400000001,153.259995,155.860001,153.552872,29821200,2019,1
514,2019-01-18,157.5,157.880005,155.979996,156.820007,154.498657,33751000,2019,1
515,2019-01-22,156.41000400000001,156.729996,152.619995,153.300003,151.030777,30394000,2019,1
516,2019-01-23,154.149994,155.139999,151.699997,153.919998,151.64158600000002,23130600,2019,1
517,2019-01-24,154.110001,154.479996,151.740005,152.699997,150.439636,25441500,2019,1
518,2019-01-25,155.479996,158.130005,154.320007,157.759995,155.424744,33535500,2019,1
519,2019-01-28,155.78999299999998,156.330002,153.66000400000001,156.300003,153.98635900000002,26192100,2019,1
520,2019-01-29,156.25,158.130005,154.110001,154.679993,152.39032,41587200,2019,1
521,2019-01-30,163.25,166.149994,160.229996,165.25,162.80386399999998,61109800,2019,1
522,2019-01-31,166.110001,169.0,164.559998,166.440002,163.97624199999998,40739600,2019,1
523,2019-02-01,166.96000700000002,168.979996,165.929993,166.520004,164.055069,32668100,2019,1
524,2019-02-04,167.41000400000001,171.66000400000001,167.279999,171.25,168.71504199999998,31495500,2019,1
525,2019-02-05,172.860001,175.080002,172.350006,174.179993,171.601685,36101600,2019,1
526,2019-02-06,174.649994,175.570007,172.850006,174.240005,171.660797,28239600,2019,1
527,2019-02-07,172.399994,173.940002,170.33999599999999,170.940002,168.409653,31741700,2019,1
528,2019-02-08,168.990005,170.66000400000001,168.419998,170.41000400000001,168.607529,23820000,2019,1
529,2019-02-11,171.050003,171.21000700000002,169.25,169.429993,167.637878,20993400,2019,1
530,2019-02-12,170.100006,171.0,169.699997,170.889999,169.08244299999998,22283500,2019,1
531,2019-02-13,171.389999,172.479996,169.919998,170.179993,168.379944,22490200,2019,1
532,2019-02-14,169.71000700000002,171.259995,169.380005,170.800003,168.99340800000002,21835700,2019,1
533,2019-02-15,171.25,171.699997,169.75,170.419998,168.617432,24626800,2019,1
534,2019-02-19,169.71000700000002,171.440002,169.490005,170.929993,169.12200900000002,18972800,2019,1
535,2019-02-20,171.190002,173.320007,170.990005,172.029999,170.210388,26114400,2019,1
536,2019-02-21,171.800003,172.369995,170.300003,171.059998,169.250656,17249700,2019,1
537,2019-02-22,171.580002,173.0,171.380005,172.970001,171.14044199999998,18913200,2019,1
538,2019-02-25,174.16000400000001,175.869995,173.949997,174.229996,172.387115,21873400,2019,1
539,2019-02-26,173.71000700000002,175.300003,173.169998,174.330002,172.486053,17070200,2019,1
540,2019-02-27,173.21000700000002,175.0,172.729996,174.869995,173.02034,27835400,2019,1
541,2019-02-28,174.320007,174.91000400000001,172.919998,173.149994,171.31854199999998,28215400,2019,1
542,2019-03-01,174.279999,175.149994,172.889999,174.970001,173.119278,25886200,2019,1
543,2019-03-04,175.690002,177.75,173.970001,175.850006,173.98998999999998,27436200,2019,1
544,2019-03-05,175.940002,176.0,174.53999299999998,175.529999,173.67337,19737400,2019,1
545,2019-03-06,174.669998,175.490005,173.940002,174.520004,172.674057,20810400,2019,1
546,2019-03-07,173.869995,174.440002,172.020004,172.5,170.675415,24796400,2019,1
547,2019-03-08,170.320007,173.070007,169.5,172.91000400000001,171.081085,23999400,2019,1
548,2019-03-11,175.490005,179.119995,175.350006,178.899994,177.007706,32011000,2019,1
549,2019-03-12,180.0,182.669998,179.369995,180.91000400000001,178.996475,32467600,2019,1
550,2019-03-13,182.25,183.300003,180.919998,181.71000700000002,179.787994,31032500,2019,1
551,2019-03-14,183.899994,184.100006,182.559998,183.729996,181.786621,23579500,2019,1
552,2019-03-15,184.850006,187.330002,183.740005,186.119995,184.151337,39042900,2019,1
553,2019-03-18,185.800003,188.389999,185.78999299999998,188.020004,186.031265,26219800,2019,1
554,2019-03-19,188.350006,188.990005,185.919998,186.529999,184.557022,31646400,2019,1
555,2019-03-20,186.229996,189.490005,184.729996,188.16000400000001,186.16978500000002,31035200,2019,1
556,2019-03-21,190.020004,196.330002,189.809998,195.08999599999999,193.02645900000002,51034200,2019,1
557,2019-03-22,195.33999599999999,197.690002,190.779999,191.050003,189.02920500000002,42407700,2019,1
558,2019-03-25,191.509995,191.979996,186.600006,188.740005,186.743637,43845300,2019,1
559,2019-03-26,191.66000400000001,192.880005,184.580002,186.78999299999998,184.814255,49800500,2019,1
560,2019-03-27,188.75,189.759995,186.550003,188.470001,186.47648600000002,29848400,2019,1
561,2019-03-28,188.949997,189.559998,187.529999,188.720001,186.723846,20780400,2019,1
562,2019-03-29,189.830002,190.080002,188.53999299999998,189.949997,187.940842,23564000,2019,1
563,2019-04-01,191.639999,191.679993,188.380005,191.240005,189.217209,27862000,2019,2
564,2019-04-02,191.08999599999999,194.46000700000002,191.050003,194.020004,191.967804,22765700,2019,2
565,2019-04-03,193.25,196.5,193.149994,195.350006,193.283737,23271800,2019,2
566,2019-04-04,194.78999299999998,196.369995,193.139999,195.690002,193.620117,19114300,2019,2
567,2019-04-05,196.449997,197.100006,195.929993,197.0,194.91626000000002,18526600,2019,2
568,2019-04-08,196.419998,200.229996,196.33999599999999,200.100006,197.983475,25881700,2019,2
569,2019-04-09,200.320007,202.850006,199.229996,199.5,197.389832,35768200,2019,2
570,2019-04-10,198.679993,200.740005,198.179993,200.619995,198.497971,21695300,2019,2
571,2019-04-11,200.850006,201.0,198.440002,198.949997,196.845642,20900800,2019,2
572,2019-04-12,199.199997,200.139999,196.21000700000002,198.869995,196.766495,27760700,2019,2
573,2019-04-15,198.580002,199.850006,198.009995,199.229996,197.122681,17536600,2019,2
574,2019-04-16,199.46000700000002,201.369995,198.559998,199.25,197.142471,25696400,2019,2
575,2019-04-17,199.53999299999998,203.380005,198.610001,203.130005,200.981445,28906800,2019,2
576,2019-04-18,203.119995,204.149994,202.520004,203.860001,201.70372,24195800,2019,2
577,2019-04-22,202.830002,204.940002,202.33999599999999,204.529999,202.366638,19439500,2019,2
578,2019-04-23,204.429993,207.75,203.899994,207.479996,205.285416,23323000,2019,2
579,2019-04-24,207.360001,208.479996,207.050003,207.16000400000001,204.96881100000002,17540600,2019,2
580,2019-04-25,206.830002,207.759995,205.119995,205.279999,203.10870400000002,18543200,2019,2
581,2019-04-26,204.899994,205.0,202.119995,204.300003,202.139069,18649100,2019,2
582,2019-04-29,204.399994,205.970001,203.860001,204.610001,202.445786,22204700,2019,2
583,2019-04-30,203.059998,203.399994,199.110001,200.669998,198.547455,46534900,2019,2
584,2019-05-01,209.88000499999998,215.309998,209.229996,210.520004,208.293274,64827300,2019,2
585,2019-05-02,209.83999599999999,212.649994,208.130005,209.149994,206.937759,31996300,2019,2
586,2019-05-03,210.88999900000002,211.83999599999999,210.229996,211.75,209.510269,20892400,2019,2
587,2019-05-06,204.28999299999998,208.83999599999999,203.5,208.479996,206.274857,32443100,2019,2
588,2019-05-07,205.880005,207.419998,200.830002,202.860001,200.714294,38763700,2019,2
589,2019-05-08,201.899994,205.33999599999999,201.75,202.899994,200.75386,26339500,2019,2
590,2019-05-09,200.399994,201.679993,196.66000400000001,200.720001,198.596924,34908600,2019,2
591,2019-05-10,197.419998,198.850006,192.770004,197.179993,195.845673,41208700,2019,2
592,2019-05-13,187.71000700000002,189.479996,182.850006,185.720001,184.46324199999998,57430600,2019,2
593,2019-05-14,186.41000400000001,189.699997,185.41000400000001,188.66000400000001,187.383331,36529700,2019,2
594,2019-05-15,186.270004,191.75,186.020004,190.919998,189.628036,26544700,2019,2
595,2019-05-16,189.91000400000001,192.470001,188.83999599999999,190.080002,188.793732,33031400,2019,2
596,2019-05-17,186.929993,190.899994,186.759995,189.0,187.721039,32879100,2019,2
597,2019-05-20,183.520004,184.350006,180.279999,183.08999599999999,181.851028,38612300,2019,2
598,2019-05-21,185.220001,188.0,184.699997,186.600006,185.33728,28364800,2019,2
599,2019-05-22,184.66000400000001,185.71000700000002,182.550003,182.779999,181.54312099999999,29748600,2019,2
600,2019-05-23,179.800003,180.53999299999998,177.809998,179.66000400000001,178.444244,36529700,2019,2
601,2019-05-24,180.199997,182.139999,178.619995,178.970001,177.758911,23714700,2019,2
602,2019-05-28,178.919998,180.58999599999999,177.91000400000001,178.229996,177.023911,27948200,2019,2
603,2019-05-29,176.419998,179.350006,176.0,177.380005,176.17965700000002,28481200,2019,2
604,2019-05-30,177.949997,179.229996,176.669998,178.300003,177.093445,21218400,2019,2
605,2019-05-31,176.229996,177.990005,174.990005,175.070007,173.8853,27043600,2019,2
606,2019-06-03,175.600006,177.919998,170.270004,173.300003,172.127274,40396100,2019,2
607,2019-06-04,175.440002,179.830002,174.520004,179.639999,178.424377,30968000,2019,2
608,2019-06-05,184.279999,184.990005,181.139999,182.53999299999998,181.304733,29773400,2019,2
609,2019-06-06,183.080002,185.470001,182.149994,185.220001,183.966614,22526300,2019,2
610,2019-06-07,186.509995,191.919998,185.770004,190.149994,188.863251,30684400,2019,2
611,2019-06-10,191.809998,195.369995,191.619995,192.580002,191.27681,26220900,2019,2
612,2019-06-11,194.860001,196.0,193.600006,194.809998,193.491714,26932900,2019,2
613,2019-06-12,193.949997,195.970001,193.389999,194.190002,192.875916,18221800,2019,2
614,2019-06-13,194.699997,196.78999299999998,193.600006,194.149994,192.836166,21674600,2019,2
615,2019-06-14,191.550003,193.58999599999999,190.300003,192.740005,191.43573,18761500,2019,2
616,2019-06-17,192.899994,194.96000700000002,192.169998,193.889999,192.57794199999998,14669100,2019,2
617,2019-06-18,196.050003,200.28999299999998,195.21000700000002,198.449997,197.107086,26551000,2019,2
618,2019-06-19,199.679993,199.880005,197.309998,197.869995,196.53100600000002,21124200,2019,2
619,2019-06-20,200.369995,200.610001,198.029999,199.46000700000002,198.110245,21514000,2019,2
620,2019-06-21,198.800003,200.850006,198.149994,198.779999,197.434845,47800600,2019,2
621,2019-06-24,198.53999299999998,200.16000400000001,198.169998,198.580002,197.236206,18220400,2019,2
622,2019-06-25,198.429993,199.259995,195.28999299999998,195.570007,194.24658200000002,21070300,2019,2
623,2019-06-26,197.770004,200.990005,197.350006,199.800003,198.44795200000002,26067500,2019,2
624,2019-06-27,200.28999299999998,201.570007,199.570007,199.740005,198.388367,20899700,2019,2
625,2019-06-28,198.679993,199.5,197.050003,197.919998,196.580658,31110600,2019,2
626,2019-07-01,203.169998,204.490005,200.649994,201.550003,200.186111,27316700,2019,3
627,2019-07-02,201.41000400000001,203.130005,201.360001,202.729996,201.358109,16935200,2019,3
628,2019-07-03,203.279999,204.440002,202.690002,204.41000400000001,203.026749,11362000,2019,3
629,2019-07-05,203.350006,205.080002,202.899994,204.229996,202.847961,17265500,2019,3
630,2019-07-08,200.809998,201.399994,198.41000400000001,200.020004,198.666458,25338600,2019,3
631,2019-07-09,199.199997,201.509995,198.809998,201.240005,199.87822,20560300,2019,3
632,2019-07-10,201.850006,203.729996,201.559998,203.229996,201.854736,17897100,2019,3
633,2019-07-11,203.309998,204.389999,201.71000700000002,201.75,200.38475,20191800,2019,3
634,2019-07-12,202.449997,204.0,202.199997,203.300003,201.924271,17595200,2019,3
635,2019-07-15,204.08999599999999,205.869995,204.0,205.21000700000002,203.82135,16947400,2019,3
636,2019-07-16,204.58999599999999,206.110001,203.5,204.5,203.116135,16866800,2019,3
637,2019-07-17,204.050003,205.08999599999999,203.270004,203.350006,201.97392299999998,14107500,2019,3
638,2019-07-18,204.0,205.880005,203.699997,205.66000400000001,204.268295,18582200,2019,3
639,2019-07-19,205.78999299999998,206.5,202.360001,202.58999599999999,201.21907,20929300,2019,3
640,2019-07-22,203.649994,207.229996,203.610001,207.220001,205.817734,22277900,2019,3
641,2019-07-23,208.46000700000002,208.91000400000001,207.28999299999998,208.83999599999999,207.426758,18355200,2019,3
642,2019-07-24,207.669998,209.149994,207.169998,208.669998,207.257935,14991600,2019,3
643,2019-07-25,208.889999,209.240005,206.729996,207.020004,205.619095,13909600,2019,3
644,2019-07-26,207.479996,209.729996,207.139999,207.740005,206.33421299999998,17618900,2019,3
645,2019-07-29,208.46000700000002,210.63999900000002,208.440002,209.679993,208.261078,21673400,2019,3
646,2019-07-30,208.759995,210.16000400000001,207.309998,208.779999,207.367172,33935700,2019,3
647,2019-07-31,216.419998,221.36999500000002,211.30000299999998,213.039993,211.59835800000002,69281400,2019,3
648,2019-08-01,213.899994,218.02999900000003,206.740005,208.429993,207.019531,54017900,2019,3
649,2019-08-02,205.529999,206.429993,201.630005,204.020004,202.639389,40862100,2019,3
650,2019-08-05,197.990005,198.649994,192.580002,193.33999599999999,192.031647,52393000,2019,3
651,2019-08-06,196.309998,198.070007,194.03999299999998,197.0,195.666885,35824800,2019,3
652,2019-08-07,195.41000400000001,199.559998,193.820007,199.03999299999998,197.693085,33364400,2019,3
653,2019-08-08,200.199997,203.529999,199.389999,203.429993,202.053375,27009500,2019,3
654,2019-08-09,201.300003,202.759995,199.28999299999998,200.990005,200.388382,24619700,2019,3
655,2019-08-12,199.619995,202.050003,199.149994,200.479996,199.879898,22474900,2019,3
656,2019-08-13,201.020004,212.13999900000002,200.479996,208.970001,208.344498,47218500,2019,3
657,2019-08-14,203.16000400000001,206.440002,202.58999599999999,202.75,202.143112,36547400,2019,3
658,2019-08-15,203.46000700000002,205.139999,199.669998,201.740005,201.136139,27227400,2019,3
659,2019-08-16,204.279999,207.16000400000001,203.83999599999999,206.5,205.88188200000002,27620400,2019,3
660,2019-08-19,210.61999500000002,212.729996,210.02999900000003,210.350006,209.72036699999998,24413600,2019,3
661,2019-08-20,210.88000499999998,213.350006,210.32000699999998,210.36000099999998,209.730331,26884300,2019,3
662,2019-08-21,212.99000499999997,213.649994,211.600006,212.63999900000002,212.00351,21535400,2019,3
663,2019-08-22,213.190002,214.440002,210.75,212.460007,211.82405099999997,22253700,2019,3
664,2019-08-23,209.429993,212.05000299999998,201.0,202.639999,202.033447,46818000,2019,3
665,2019-08-26,205.860001,207.190002,205.059998,206.490005,205.871918,26043600,2019,3
666,2019-08-27,207.860001,208.550003,203.529999,204.16000400000001,203.548889,25873300,2019,3
667,2019-08-28,204.100006,205.720001,203.320007,205.529999,204.914795,15938800,2019,3
668,2019-08-29,208.5,209.320007,206.66000400000001,209.009995,208.384369,20990500,2019,3
669,2019-08-30,210.16000400000001,210.44999700000002,207.199997,208.740005,208.115189,21143400,2019,3
670,2019-09-03,206.429993,206.979996,204.220001,205.699997,205.084274,20023000,2019,3
671,2019-09-04,208.389999,209.479996,207.320007,209.190002,208.563843,19188100,2019,3
672,2019-09-05,212.0,213.97000099999997,211.50999500000003,213.27999900000003,212.641586,23913700,2019,3
673,2019-09-06,214.05000299999998,214.419998,212.50999500000003,213.25999500000003,212.621643,19362300,2019,3
674,2019-09-09,214.83999599999999,216.440002,211.07000699999998,214.169998,213.528931,27309400,2019,3
675,2019-09-10,213.86000099999998,216.77999900000003,211.710007,216.69999700000002,216.051346,31777900,2019,3
676,2019-09-11,218.07000699999998,223.710007,217.729996,223.58999599999999,222.92073100000002,44289600,2019,3
677,2019-09-12,224.80000299999998,226.419998,222.86000099999998,223.08999599999999,222.42222599999997,32226700,2019,3
678,2019-09-13,220.0,220.789993,217.020004,218.75,218.095215,39763300,2019,3
679,2019-09-16,217.729996,220.13000499999998,217.559998,219.899994,219.241776,21158100,2019,3
680,2019-09-17,219.960007,220.82000699999998,219.11999500000002,220.69999700000002,220.03938300000002,18318700,2019,3
681,2019-09-18,221.059998,222.850006,219.440002,222.770004,222.10319500000003,25340000,2019,3
682,2019-09-19,222.00999500000003,223.75999500000003,220.36999500000002,220.960007,220.29861499999998,22060600,2019,3
683,2019-09-20,221.38000499999998,222.559998,217.47000099999997,217.729996,217.07826200000002,55413100,2019,3
684,2019-09-23,218.94999700000002,219.83999599999999,217.649994,218.72000099999997,218.06530800000002,19165500,2019,3
685,2019-09-24,221.02999900000003,222.49000499999997,217.190002,217.67999300000002,217.028412,31190800,2019,3
686,2019-09-25,218.55000299999998,221.5,217.13999900000002,221.02999900000003,220.36839300000003,21903400,2019,3
687,2019-09-26,220.0,220.940002,218.830002,219.88999900000002,219.23181200000002,18833500,2019,3
688,2019-09-27,220.539993,220.960007,217.27999900000003,218.82000699999998,218.16502400000002,25352000,2019,3
689,2019-09-30,220.899994,224.580002,220.789993,223.97000099999997,223.29959100000002,25977400,2019,3
690,2019-10-01,225.07000699999998,228.22000099999997,224.19999700000002,224.58999599999999,223.91773999999998,34805800,2019,4
691,2019-10-02,223.059998,223.580002,217.92999300000002,218.960007,218.304596,34612300,2019,4
692,2019-10-03,218.42999300000002,220.960007,215.13000499999998,220.82000699999998,220.159027,28606500,2019,4
693,2019-10-04,225.63999900000002,227.49000499999997,223.88999900000002,227.00999500000003,226.33049,34619700,2019,4
694,2019-10-07,226.270004,229.92999300000002,225.83999599999999,227.059998,226.38034100000002,30576500,2019,4
695,2019-10-08,225.82000699999998,228.059998,224.330002,224.399994,223.728302,27955000,2019,4
696,2019-10-09,227.02999900000003,227.789993,225.63999900000002,227.02999900000003,226.350433,18692600,2019,4
697,2019-10-10,227.92999300000002,230.440002,227.30000299999998,230.08999599999999,229.40127599999997,28253400,2019,4
698,2019-10-11,232.94999700000002,237.63999900000002,232.309998,236.210007,235.50296,41698900,2019,4
699,2019-10-14,234.899994,238.13000499999998,234.669998,235.86999500000002,235.163971,24106900,2019,4
700,2019-10-15,236.38999900000002,237.649994,234.88000499999998,235.32000699999998,234.615631,21840000,2019,4
701,2019-10-16,233.36999500000002,235.24000499999997,233.19999700000002,234.36999500000002,233.668457,18475800,2019,4
702,2019-10-17,235.08999599999999,236.149994,233.520004,235.27999900000003,234.575745,16896300,2019,4
703,2019-10-18,234.58999599999999,237.580002,234.289993,236.41000400000001,235.70236200000002,24358400,2019,4
704,2019-10-21,237.520004,240.99000499999997,237.32000699999998,240.50999500000003,239.790085,21811800,2019,4
705,2019-10-22,241.16000400000001,242.19999700000002,239.61999500000002,239.960007,239.241745,20573400,2019,4
706,2019-10-23,242.100006,243.24000499999997,241.22000099999997,243.17999300000002,242.452087,18957200,2019,4
707,2019-10-24,244.50999500000003,244.80000299999998,241.809998,243.580002,242.85089100000002,17318800,2019,4
708,2019-10-25,243.16000400000001,246.729996,242.88000499999998,246.580002,245.841919,18369300,2019,4
709,2019-10-28,247.419998,249.25,246.72000099999997,249.05000299999998,248.30452000000002,24143200,2019,4
710,2019-10-29,248.97000099999997,249.75,242.57000699999998,243.289993,242.561752,35709900,2019,4
711,2019-10-30,244.75999500000003,245.30000299999998,241.210007,243.25999500000003,242.53184500000003,31130500,2019,4
712,2019-10-31,247.24000499999997,249.169998,237.25999500000003,248.75999500000003,248.01538100000002,34790500,2019,4
713,2019-11-01,249.539993,255.92999300000002,249.16000400000001,255.82000699999998,255.05426,37781300,2019,4
714,2019-11-04,257.329987,257.850006,255.38000499999998,257.5,256.729218,25818000,2019,4
715,2019-11-05,257.049988,258.190002,256.320007,257.130005,256.360352,19974400,2019,4
716,2019-11-06,256.769989,257.48999,255.36999500000002,257.23999,256.47000099999997,18966100,2019,4
717,2019-11-07,258.73999,260.350006,258.109985,259.429993,259.429993,23735100,2019,4
718,2019-11-08,258.690002,260.440002,256.850006,260.140015,260.140015,17496600,2019,4
719,2019-11-11,258.299988,262.47000099999997,258.27999900000003,262.200012,262.200012,20455300,2019,4
720,2019-11-12,261.549988,262.790009,260.920013,261.959991,261.959991,21847200,2019,4
721,2019-11-13,261.130005,264.77999900000003,261.070007,264.47000099999997,264.47000099999997,25683600,2019,4
722,2019-11-14,263.75,264.880005,262.100006,262.640015,262.640015,22295700,2019,4
723,2019-11-15,263.679993,265.77999900000003,263.01001,265.76001,265.76001,25051600,2019,4
724,2019-11-18,265.799988,267.429993,264.230011,267.100006,267.100006,21675800,2019,4
725,2019-11-19,267.899994,268.0,265.390015,266.290009,266.290009,19041800,2019,4
726,2019-11-20,265.540009,266.079987,260.399994,263.190002,263.190002,26558600,2019,4
727,2019-11-21,263.690002,264.01001,261.179993,262.01001,262.01001,30348800,2019,4
728,2019-11-22,262.589996,263.179993,260.839996,261.77999900000003,261.77999900000003,16331300,2019,4
729,2019-11-25,262.709991,266.440002,262.519989,266.369995,266.369995,21005100,2019,4
730,2019-11-26,266.940002,267.160004,262.5,264.290009,264.290009,26301900,2019,4
731,2019-11-27,265.579987,267.980011,265.309998,267.839996,267.839996,16308900,2019,4
732,2019-11-29,266.600006,268.0,265.899994,267.25,267.25,11654400,2019,4
733,2019-12-02,267.269989,268.25,263.450012,264.160004,264.160004,23621800,2019,4
734,2019-12-03,258.309998,259.52999900000003,256.290009,259.450012,259.450012,28607600,2019,4
735,2019-12-04,261.070007,263.309998,260.679993,261.73999,261.73999,16795400,2019,4
736,2019-12-05,263.790009,265.890015,262.730011,265.579987,265.579987,18606100,2019,4
737,2019-12-06,267.480011,271.0,267.299988,270.709991,270.709991,26518900,2019,4
738,2019-12-09,270.0,270.799988,264.910004,266.920013,266.920013,32010600,2019,4
739,2019-12-10,268.600006,270.070007,265.859985,268.480011,268.480011,22605100,2019,4
740,2019-12-11,268.809998,271.100006,268.5,270.769989,270.769989,19689200,2019,4
741,2019-12-12,267.77999900000003,272.559998,267.320007,271.459991,271.459991,34327600,2019,4
742,2019-12-13,271.459991,275.299988,270.929993,275.149994,275.149994,33396900,2019,4
743,2019-12-16,277.0,280.790009,276.980011,279.859985,279.859985,32046500,2019,4
744,2019-12-17,279.570007,281.769989,278.799988,280.410004,280.410004,28539600,2019,4
745,2019-12-18,279.799988,281.899994,279.119995,279.73999,279.73999,29007100,2019,4
746,2019-12-19,279.5,281.179993,278.950012,280.019989,280.019989,24592300,2019,4
747,2019-12-20,282.230011,282.649994,278.559998,279.440002,279.440002,68994500,2019,4
748,2019-12-23,280.52999900000003,284.25,280.369995,284.0,284.0,24643000,2019,4
749,2019-12-24,284.690002,284.890015,282.920013,284.269989,284.269989,12119700,2019,4
750,2019-12-26,284.820007,289.980011,284.700012,289.910004,289.910004,23280300,2019,4
751,2019-12-27,291.119995,293.97000099999997,288.119995,289.799988,289.799988,36566500,2019,4
752,2019-12-30,289.459991,292.690002,285.22000099999997,291.519989,291.519989,36028600,2019,4
753,2019-12-31,289.929993,293.679993,289.519989,293.649994,293.649994,25201400,2019,4
754,2020-01-02,296.23999,300.600006,295.190002,300.350006,300.350006,33870100,2020,1
755,2020-01-03,297.149994,300.579987,296.5,297.429993,297.429993,36580700,2020,1
756,2020-01-06,293.790009,299.959991,292.75,299.799988,299.799988,29596800,2020,1
757,2020-01-07,299.839996,300.899994,297.480011,298.390015,298.390015,27218000,2020,1
758,2020-01-08,297.160004,304.440002,297.160004,303.190002,303.190002,33019800,2020,1
